code,name,state,region,country,continent,Código OACI,lat_geo_point,lon_geo_point
KDFW,"DALLAS & FORT WORTH, TEXAS",,,ESTADOS UNIDOS DA AMÉRICA,AMÉRICA DO NORTE,,32.896801,-97.038002
KJFK,"NEW YORK, NEW YORK",,,ESTADOS UNIDOS DA AMÉRICA,AMÉRICA DO NORTE,,40.639801,-73.7789
KMIA,"MIAMI, FLORIDA",,,ESTADOS UNIDOS DA AMÉRICA,AMÉRICA DO NORTE,,25.79319953918457,-80.29060363769531
SBCF,CONFINS,MG,SUDESTE,BRASIL,AMÉRICA DO SUL,,-19.62444305419922,-43.97194290161133
SBGL,RIO DE JANEIRO,RJ,SUDESTE,BRASIL,AMÉRICA DO SUL,,-22.8099994659,-43.2505569458
SBGR,GUARULHOS,SP,SUDESTE,BRASIL,AMÉRICA DO SUL,,-23.435556411743164,-46.47305679321289
SGAS,ASUNCIÓN,,,PARAGUAI,AMÉRICA DO SUL,,-25.239999771118164,-57.52000045776367
SSUM,UMUARAMA,PR,SUL,BRASIL,AMÉRICA DO SUL,,-23.7987003326416,-53.31380081176758
SUMU,"MONTEVIDEO, MONTEVIDEO",,,URUGUAI,AMÉRICA DO SUL,,-34.838402,-56.0308
,,,,,,SBRB,"-9,8683333","-67,898056"
SNBG,BAIXO GUANDU,ES,SUDESTE,BRASIL,AMÉRICA DO SUL,,-19.499000549316406,-41.04180145263672
KMCO,"ORLANDO, FLORIDA",,,ESTADOS UNIDOS DA AMÉRICA,AMÉRICA DO NORTE,,28.429399490356445,-81.30899810791016
SSBG,BENTO GONÇALVES,RS,SUL,BRASIL,AMÉRICA DO SUL,,-29.1483325958,-51.5363883972
SBCV,CARAVELAS,BA,NORDESTE,BRASIL,AMÉRICA DO SUL,,-17.6523,-39.253101
SBLP,BOM JESUS DA LAPA,BA,NORDESTE,BRASIL,AMÉRICA DO SUL,,-13.2621002197,-43.4081001282
SBSV,SALVADOR,BA,NORDESTE,BRASIL,AMÉRICA DO SUL,,-12.9086112976,-38.3224983215
SNGI,GUANAMBI,BA,NORDESTE,BRASIL,AMÉRICA DO SUL,,-14.208200454711914,-42.74610137939453
SNTF,TEIXEIRA DE FREITAS,BA,NORDESTE,BRASIL,AMÉRICA DO SUL,,-17.524499893188,-39.66849899292
SBAR,ARACAJU,SE,NORDESTE,BRASIL,AMÉRICA DO SUL,,-10.984000206,-37.0703010559
SBMO,RIO LARGO,AL,NORDESTE,BRASIL,AMÉRICA DO SUL,,-9.510809898376465,-35.79169845581055
SBPL,PETROLINA,PE,NORDESTE,BRASIL,AMÉRICA DO SUL,,-9.362409591674805,-40.56909942626953
SNBR,BARREIRAS,BA,NORDESTE,BRASIL,AMÉRICA DO SUL,,-12.078900337219238,-45.00899887084961
SNVR,VERA CRUZ,BA,NORDESTE,BRASIL,AMÉRICA DO SUL,,-13.024700164794922,-38.66579818725586
CYYZ,TORONTO,,,CANADÁ,AMÉRICA DO NORTE,,43.6772003174,-79.63059997559999
DTTA,TUNIS,,,TUNÍSIA,ÁFRICA,,36.85100173950195,10.22719955444336
UUEE,MOSCOW,,,RÚSSIA,EUROPA,,55.972599,37.4146
GOOY,DACAR,,,SENEGAL,ÁFRICA,,14.739700317382812,-17.49020004272461
LFPG,PARIS,,,FRANÇA,EUROPA,,49.012798,2.55
SBKP,CAMPINAS,SP,SUDESTE,BRASIL,AMÉRICA DO SUL,,-23.0074005127,-47.1344985962
SOCA,CAYENNE,,,GUIANA FRANCESA,AMÉRICA DO SUL,,4.819809913639999,-52.360401153599994
SCEL,SANTIAGO,,,CHILE,AMÉRICA DO SUL,,-33.393001556396484,-70.78579711914062
SBBV,BOA VISTA,RR,NORTE,BRASIL,AMÉRICA DO SUL,,2.84138894081,-60.6922225952
SVPR,"CIUDAD GUAYANA, BOLÍVAR",,,VENEZUELA,AMÉRICA DO SUL,,8.288530349731445,-62.760398864746094
MMMX,MEXICO,,,MÉXICO,AMÉRICA DO NORTE,,19.4363,-99.072098
MMUN,CANCUN/INTL,,,MÉXICO,AMÉRICA DO NORTE,,21.036500930800003,-86.8770980835
SPIM,"CALLAO/LIMA, LIMA METROPOLITAN AREA",,,PERU,AMÉRICA DO SUL,,-12.0219,-77.114305
SAEZ,"EZEIZA, BUENOS AIRES PROVINCE",,,ARGENTINA,AMÉRICA DO SUL,,-34.8222,-58.5358
SBFL,FLORIANÓPOLIS,SC,SUL,BRASIL,AMÉRICA DO SUL,,-27.670278549194336,-48.5525016784668
LEMD,MADRID,,,ESPANHA,EUROPA,,40.471926,-3.56264
SABE,BUENOS AIRES,,,ARGENTINA,AMÉRICA DO SUL,,-34.5592,-58.4156
SACO,"CÓRDOBA, CÓRDOBA PROVINCE",,,ARGENTINA,AMÉRICA DO SUL,,-31.323601,-64.208
SBPA,PORTO ALEGRE,RS,SUL,BRASIL,AMÉRICA DO SUL,,-29.994400024414062,-51.1713981628418
SAAR,"ROSARIO, SANTA FE PROVINCE",,,ARGENTINA,AMÉRICA DO SUL,,-32.9036,-60.785
SKBO,BOGOTÁ,,,COLÔMBIA,AMÉRICA DO SUL,,4.70159,-74.1469
LIMC,MILAN,,,ITÁLIA,EUROPA,,45.6306,8.72811
LIRF,ROME,,,ITÁLIA,EUROPA,,41.8002778,12.2388889
EGKK,"LONDON, ENGLAND",,,REINO UNIDO,EUROPA,,51.148102,-0.190278
1AON,OURILÂNDIA DO NORTE,PA,NORTE,BRASIL,AMÉRICA DO SUL,,-6.751969999999972,-51.07726999999994
SBAA,CONCEIÇÃO DO ARAGUAIA,PA,NORTE,BRASIL,AMÉRICA DO SUL,,-8.34835,-49.301498
SBAS,ASSIS,SP,SUDESTE,BRASIL,AMÉRICA DO SUL,,-23.21169999999995,-46.87334999999996
SBAU,ARAÇATUBA,SP,SUDESTE,BRASIL,AMÉRICA DO SUL,,-21.1413002014,-50.4247016907
SBBE,BELÉM,PA,NORTE,BRASIL,AMÉRICA DO SUL,,-1.3792500495900002,-48.4762992859
SBBH,BELO HORIZONTE,MG,SUDESTE,BRASIL,AMÉRICA DO SUL,,-19.851200103759766,-43.950599670410156
SBBR,BRASÍLIA,DF,CENTRO-OESTE,BRASIL,AMÉRICA DO SUL,,-15.869167,-47.920834
SBCG,CAMPO GRANDE,MS,CENTRO-OESTE,BRASIL,AMÉRICA DO SUL,,-20.468700408900002,-54.6725006104
SBCH,CHAPECÓ,SC,SUL,BRASIL,AMÉRICA DO SUL,,-27.134199142456,-52.656600952148
SBCJ,PARAUAPEBAS,PA,NORTE,BRASIL,AMÉRICA DO SUL,,-6.11527776718,-50.0013885498
SBCT,SÃO JOSÉ DOS PINHAIS,PR,SUL,BRASIL,AMÉRICA DO SUL,,-25.5284996033,-49.1758003235
SBCY,VÁRZEA GRANDE,MT,CENTRO-OESTE,BRASIL,AMÉRICA DO SUL,,-15.6528997421,-56.1166992188
SBDN,PRESIDENTE PRUDENTE,SP,SUDESTE,BRASIL,AMÉRICA DO SUL,,-22.1751003265,-51.4245986938
SBEG,MANAUS,AM,NORTE,BRASIL,AMÉRICA DO SUL,,-3.03861,-60.049702
SBFC,FRANCA,SP,SUDESTE,BRASIL,AMÉRICA DO SUL,,-22.7264569252266,-47.34129770785674
SBFZ,FORTALEZA,CE,NORDESTE,BRASIL,AMÉRICA DO SUL,,-3.776279926300049,-38.53260040283203
SBGO,GOIÂNIA,GO,CENTRO-OESTE,BRASIL,AMÉRICA DO SUL,,-16.631999969482422,-49.220699310302734
SBIL,ILHÉUS,BA,NORDESTE,BRASIL,AMÉRICA DO SUL,,-14.815999984741,-39.033199310303
SBIZ,IMPERATRIZ,MA,NORDESTE,BRASIL,AMÉRICA DO SUL,,-5.53129,-47.459999
SBJP,SANTA RITA,PB,NORDESTE,BRASIL,AMÉRICA DO SUL,,-7.145833015440001,-34.9486122131
SBJV,JOINVILLE,SC,SUL,BRASIL,AMÉRICA DO SUL,,-26.22450065612793,-48.797401428222656
SBLO,LONDRINA,PR,SUL,BRASIL,AMÉRICA DO SUL,,-23.333599090599996,-51.1301002502
SBMA,MARABÁ,PA,NORTE,BRASIL,AMÉRICA DO SUL,,-5.36858987808,-49.138000488299994
SBMC,MINAÇU,GO,CENTRO-OESTE,BRASIL,AMÉRICA DO SUL,,-13.5491,-48.195301
SBMQ,MACAPÁ,AP,NORTE,BRASIL,AMÉRICA DO SUL,,0.0506640002131,-51.0722007751
SBNF,NAVEGANTES,SC,SUL,BRASIL,AMÉRICA DO SUL,,-26.879999,-48.651402
SBNT,PARNAMIRIM,RN,NORDESTE,BRASIL,AMÉRICA DO SUL,,-5.91141986847,-35.2476997375
SBPJ,PALMAS,TO,NORTE,BRASIL,AMÉRICA DO SUL,,-10.291500091600001,-48.35699844359999
SBPN,PORTO NACIONAL,TO,NORTE,BRASIL,AMÉRICA DO SUL,,-10.719402,-48.3997
SBPS,PORTO SEGURO,BA,NORDESTE,BRASIL,AMÉRICA DO SUL,,-16.438601,-39.080898
SBPV,PORTO VELHO,RO,NORTE,BRASIL,AMÉRICA DO SUL,,-8.70928955078125,-63.90230178833008
SBRF,RECIFE,PE,NORDESTE,BRASIL,AMÉRICA DO SUL,,-8.126489639282227,-34.92359924316406
SBRJ,RIO DE JANEIRO,RJ,SUDESTE,BRASIL,AMÉRICA DO SUL,,-22.910499572799996,-43.1631011963
SBRP,RIBEIRÃO PRETO,SP,SUDESTE,BRASIL,AMÉRICA DO SUL,,-21.136388778686523,-47.776668548583984
SBSJ,SÃO JOSÉ DOS CAMPOS,SP,SUDESTE,BRASIL,AMÉRICA DO SUL,,-23.22920036315918,-45.86149978637695
SBSL,SÃO LUÍS,MA,NORDESTE,BRASIL,AMÉRICA DO SUL,,-2.585360050201416,-44.234100341796875
SBSM,SANTA MARIA,RS,SUL,BRASIL,AMÉRICA DO SUL,,-29.711399,-53.688202
SBSP,SÃO PAULO,SP,SUDESTE,BRASIL,AMÉRICA DO SUL,,-23.626110076904297,-46.65638732910156
SBSR,SÃO JOSÉ DO RIO PRETO,SP,SUDESTE,BRASIL,AMÉRICA DO SUL,,-20.816600799599996,-49.40650177
SBTC,UNA,BA,NORDESTE,BRASIL,AMÉRICA DO SUL,,-15.355199813799999,-38.9990005493
SBTE,TERESINA,PI,NORDESTE,BRASIL,AMÉRICA DO SUL,,-5.0599398613,-42.8235015869
SBTU,TUCURUÍ,PA,NORTE,BRASIL,AMÉRICA DO SUL,,-3.7860100269318,-49.72029876709
SBUG,URUGUAIANA,RS,SUL,BRASIL,AMÉRICA DO SUL,,-29.7821998596,-57.0382003784
SBUL,UBERLÂNDIA,MG,SUDESTE,BRASIL,AMÉRICA DO SUL,,-18.883612,-48.225277
SBUR,UBERABA,MG,SUDESTE,BRASIL,AMÉRICA DO SUL,,-19.764722824097,-47.966110229492
SBVG,VARGINHA,MG,SUDESTE,BRASIL,AMÉRICA DO SUL,,-21.5900993347,-45.4733009338
SBVH,VILHENA,RO,NORTE,BRASIL,AMÉRICA DO SUL,,-12.694399833679,-60.098300933838
SBVT,VITÓRIA,ES,SUDESTE,BRASIL,AMÉRICA DO SUL,,-20.258057,-40.286388
SDAG,ANGRA DOS REIS,RJ,SUDESTE,BRASIL,AMÉRICA DO SUL,,-22.975299835205078,-44.307098388671875
SNDC,REDENÇÃO,PA,NORTE,BRASIL,AMÉRICA DO SUL,,-8.033289909362793,-49.97990036010742
SNDM,LENÇÓIS,BA,NORDESTE,BRASIL,AMÉRICA DO SUL,,-23.4404,-46.4352
SNTO,TEÓFILO OTONI,MG,SUDESTE,BRASIL,AMÉRICA DO SUL,,-17.89229965209961,-41.51359939575195
SSCK,CONCÓRDIA,SC,SUL,BRASIL,AMÉRICA DO SUL,,-27.180599212646484,-52.05270004272461
SSEP,SÃO SEPÉ,RS,SUL,BRASIL,AMÉRICA DO SUL,,-30.182199478149414,-53.57939910888672
SSER,ERECHIM,RS,SUL,BRASIL,AMÉRICA DO SUL,,-27.66189956665039,-52.2682991027832
SSHZ,HORIZONTINA,RS,SUL,BRASIL,AMÉRICA DO SUL,,-27.638299942,-54.339099884
SSLT,ALEGRETE,RS,SUL,BRASIL,AMÉRICA DO SUL,,-29.812700271599997,-55.8933982849
SSPB,PATO BRANCO,PR,SUL,BRASIL,AMÉRICA DO SUL,,-26.217184,-52.694463
SSUW,GUARAPUAVA,PR,SUL,BRASIL,AMÉRICA DO SUL,,-25.39662092301258,-51.45080429358522
SSZR,SANTA ROSA,RS,SUL,BRASIL,AMÉRICA DO SUL,,-27.9067,-54.520401
SWFX,SÃO FÉLIX DO ARAGUAIA,MT,CENTRO-OESTE,BRASIL,AMÉRICA DO SUL,,-11.632399559020996,-50.68960189819336
SWGI,GURUPI,TO,NORTE,BRASIL,AMÉRICA DO SUL,,-11.73960018157959,-49.132198333740234
SWJI,JI-PARANÁ,RO,NORTE,BRASIL,AMÉRICA DO SUL,,-10.870800018299999,-61.8465003967
SWKK,CACOAL,RO,NORTE,BRASIL,AMÉRICA DO SUL,,-11.43,-61.48
SWKN,CALDAS NOVAS,GO,CENTRO-OESTE,BRASIL,AMÉRICA DO SUL,,-17.735839946072474,-48.623284911095766
SWNQ,NIQUELÂNDIA,GO,CENTRO-OESTE,BRASIL,AMÉRICA DO SUL,,-14.434900283813477,-48.49150085449219
SWPQ,PORTO ALEGRE DO NORTE,MT,CENTRO-OESTE,BRASIL,AMÉRICA DO SUL,,-10.861110687256,-51.685001373291
SBBI,CURITIBA,PR,SUL,BRASIL,AMÉRICA DO SUL,,-25.4050998688,-49.23199844359999
SBCX,CAXIAS DO SUL,RS,SUL,BRASIL,AMÉRICA DO SUL,,-29.197099685699996,-51.1875
SBFI,FOZ DO IGUAÇU,PR,SUL,BRASIL,AMÉRICA DO SUL,,-25.600278854370117,-54.48500061035156
SBSN,SANTARÉM,PA,NORTE,BRASIL,AMÉRICA DO SUL,,-2.4247219562530518,-54.785831451416016
SDAN,BROTAS,SP,SUDESTE,BRASIL,AMÉRICA DO SUL,,-22.245555877685547,-48.25777816772461
SDCO,SOROCABA,SP,SUDESTE,BRASIL,AMÉRICA DO SUL,,-23.478001,-47.490002
SDUB,UBATUBA,SP,SUDESTE,BRASIL,AMÉRICA DO SUL,,-23.441099166870117,-45.075599670410156
SNFE,ALFENAS,MG,SUDESTE,BRASIL,AMÉRICA DO SUL,,-21.4314,-45.932098
SWGN,ARAGUAÍNA,TO,NORTE,BRASIL,AMÉRICA DO SUL,,-7.22787,-48.240501
LFBO,TOULOUSE,,,FRANÇA,EUROPA,,43.629101,1.36382
MYNN,NASSAU/INTL NEW PROVIDENCE,,,BAHAMAS,AMÉRICA CENTRAL,,25.039,-77.466202
SBCA,CASCAVEL,PR,SUL,BRASIL,AMÉRICA DO SUL,,-25.0002994537,-53.500801086399996
SBCM,FORQUILHINHA,SC,SUL,BRASIL,AMÉRICA DO SUL,,-28.7244434357,-49.4213905334
SBCR,CORUMBÁ,MS,CENTRO-OESTE,BRASIL,AMÉRICA DO SUL,,-19.0119438171,-57.6713905334
SBME,MACAÉ,RJ,SUDESTE,BRASIL,AMÉRICA DO SUL,,-22.343000412,-41.7659988403
SBML,MARÍLIA,SP,SUDESTE,BRASIL,AMÉRICA DO SUL,,-22.1968994141,-49.926399231
SBPK,PELOTAS,RS,SUL,BRASIL,AMÉRICA DO SUL,,-31.718399,-52.327702
KMSY,"NEW ORLEANS, LOUISIANA",,,ESTADOS UNIDOS DA AMÉRICA,AMÉRICA DO NORTE,,29.99340057373047,-90.25800323486328
SBAQ,ARARAQUARA,SP,SUDESTE,BRASIL,AMÉRICA DO SUL,,-21.812000274699997,-48.1329994202
SDVG,VOTUPORANGA,SP,SUDESTE,BRASIL,AMÉRICA DO SUL,,-20.463199615478516,-50.00450134277344
EDDV,HANOVER,,,ALEMANHA,EUROPA,,52.461101532,9.685079574580001
EDDT,BERLIN,,,ALEMANHA,EUROPA,,52.5597,13.2877
SBBT,BARRETOS,SP,SUDESTE,BRASIL,AMÉRICA DO SUL,,-20.584499359131,-48.594100952148
SNRU,CARUARU,PE,NORDESTE,BRASIL,AMÉRICA DO SUL,,-8.282389640808105,-36.01350021362305
MDSD,SAO DOMINGO/DE LAS AMÉRICAS,,,REPÚBLICA DOMINICANA,AMÉRICA CENTRAL,,18.42970085144,-69.668899536133
SBMN,MANAUS,AM,NORTE,BRASIL,AMÉRICA DO SUL,,-3.1460399627685547,-59.98630142211914
EHAM,"HAARLEMMERMEER, NEAR AMSTERDAM",,,HOLANDA,EUROPA,,52.308601,4.76389
LEAS,ASTURIAS,,,ESPANHA,EUROPA,,43.5635986328125,-6.0346198081970215
LETO,MADRID,,,ESPANHA,EUROPA,,40.496700286865234,-3.4458699226379395
N/I,NÃO IDENTIFICADO,,NÃO IDENTIFICADO,NÃO IDENTIFICADO,NÃO IDENTIFICADO,,59.222703392134534,25.98052207995289
TNCC,WILLEMSTAD,,,CURAÇAO,AMÉRICA DO NORTE,,12.1889,-68.959801
KYIP,"DETROIT, MICHIGAN",,,ESTADOS UNIDOS DA AMÉRICA,AMÉRICA DO NORTE,,42.23789978,-83.53040314
MPTO,PANAMA,,,PANAMÁ,AMÉRICA CENTRAL,,9.0713596344,-79.3834991455
KEWR,"NEWARK & ELIZABETH, NEW JERSEY",,,ESTADOS UNIDOS DA AMÉRICA,AMÉRICA DO NORTE,,40.692501068115234,-74.168701171875
KIAH,"HOUSTON, TEXAS",,,ESTADOS UNIDOS DA AMÉRICA,AMÉRICA DO NORTE,,29.984399795532227,-95.34140014648438
MUHA,HAVANA,,,CUBA,AMÉRICA CENTRAL,,22.989200592041016,-82.40910339355469
KATL,ATLANTA,,,ESTADOS UNIDOS DA AMÉRICA,AMÉRICA DO NORTE,,33.6367,-84.428101
EDDF,FRANKFURT AM MAIN,,,ALEMANHA,EUROPA,,50.033333,8.570556
FNLU,LUANDA,,,ANGOLA,ÁFRICA,,-8.85837,13.2312
SEGU,GUAYAQUIL,,,EQUADOR,AMÉRICA DO SUL,,-2.1574199199699997,-79.88359832760001
SEQU,QUITO,,,EQUADOR,AMÉRICA DO SUL,,-0.141144007444,-78.4881973267
KMEM,"MEMPHIS, TENNESSEE",,,ESTADOS UNIDOS DA AMÉRICA,AMÉRICA DO NORTE,,35.04240036010742,-89.97669982910156
SVVA,"VALENCIA, CARABOBO",,,VENEZUELA,AMÉRICA DO SUL,,10.14973258972168,-67.92839813232422
SVMI,"MAIQUETÍA, VARGAS (NEAR CARACAS)",,,VENEZUELA,AMÉRICA DO SUL,,10.601194,-66.991222
SBBU,BAURU,SP,SUDESTE,BRASIL,AMÉRICA DO SUL,,-22.3449993134,-49.0537986755
SBMG,MARINGÁ,PR,SUL,BRASIL,AMÉRICA DO SUL,,-23.47606,-52.016187
SSTD,TOLEDO,PR,SUL,BRASIL,AMÉRICA DO SUL,,-28.550832748413086,-51.59611129760742
SBTD,TOLEDO,PR,SUL,BRASIL,AMÉRICA DO SUL,,-24.6863,-53.697498
KLAX,"LOS ANGELES, CALIFORNIA",,,ESTADOS UNIDOS DA AMÉRICA,AMÉRICA DO NORTE,,33.942501,-118.407997
RJAA,"NARITA, CHIBA",,,JAPÃO,ÁSIA,,35.764702,140.386002
SBRG,RIO GRANDE,RS,SUL,BRASIL,AMÉRICA DO SUL,,-29.23417999999998,-51.32977999999997
RKSS,SEOUL,,,COREIA DO SUL,ÁSIA,,37.5583,126.791
SGES,CIUDAD DEL ESTE,,,PARAGUAI,AMÉRICA DO SUL,,-25.454516,-54.842682
KSAT,"SAN ANTONIO, TEXAS",,,ESTADOS UNIDOS DA AMÉRICA,AMÉRICA DO NORTE,,29.533701,-98.469803
KMAI,"MARIANNA, FLORIDA",,,ESTADOS UNIDOS DA AMÉRICA,AMÉRICA DO NORTE,,30.837799072265625,-85.18190002441406
SAME,"MENDOZA, MENDOZA PROVINCE",,,ARGENTINA,AMÉRICA DO SUL,,-32.8316993713,-68.7929000854
SLVR,SANTA CRUZ,,,BOLÍVIA,AMÉRICA DO SUL,,-17.6448,-63.135399
SNOX,ORIXIMINÁ,PA,NORTE,BRASIL,AMÉRICA DO SUL,,-1.7140799760818481,-55.83620071411133
SNTI,ÓBIDOS,PA,NORTE,BRASIL,AMÉRICA DO SUL,,-1.867169976234436,-55.514400482177734
SBHT,ALTAMIRA,PA,NORTE,BRASIL,AMÉRICA DO SUL,,-3.2539100646973,-52.254001617432
SBIH,ITAITUBA,PA,NORTE,BRASIL,AMÉRICA DO SUL,,-4.2423400878906,-56.000701904297
SBMD,ALMEIRIM,PA,NORTE,BRASIL,AMÉRICA DO SUL,,-0.889839,-52.6022
SBFN,FERNANDO DE NORONHA,PE,NORDESTE,BRASIL,AMÉRICA DO SUL,,-3.85493,-32.423302
SBIP,SANTANA DO PARAÍSO,MG,SUDESTE,BRASIL,AMÉRICA DO SUL,,-19.470699310303,-42.487598419189
SBJF,JUIZ DE FORA,MG,SUDESTE,BRASIL,AMÉRICA DO SUL,,-21.791500091552734,-43.38679885864258
SBKG,CAMPINA GRANDE,PB,NORDESTE,BRASIL,AMÉRICA DO SUL,,-7.26992,-35.8964
SBMK,MONTES CLAROS,MG,SUDESTE,BRASIL,AMÉRICA DO SUL,,-16.706899642899998,-43.818901062
SBPB,PARNAÍBA,PI,NORDESTE,BRASIL,AMÉRICA DO SUL,,-2.89374995232,-41.73199844359999
SBQV,VITÓRIA DA CONQUISTA,BA,NORDESTE,BRASIL,AMÉRICA DO SUL,,-14.8628,-40.863098
SBTB,ORIXIMINÁ,PA,NORTE,BRASIL,AMÉRICA DO SUL,,-1.489599943161,-56.396800994873
SNGV,GOVERNADOR VALADARES,MG,SUDESTE,BRASIL,AMÉRICA DO SUL,,-18.848209999999938,-41.95035999999993
SNQY,JUAZEIRO DO NORTE,CE,NORDESTE,BRASIL,AMÉRICA DO SUL,,-21.229444503799996,-47.795276641799994
SWPJ,PALMAS,TO,NORTE,BRASIL,AMÉRICA DO SUL,,-16.0341663361,-53.0344429016
SBJU,JUAZEIRO DO NORTE,CE,NORDESTE,BRASIL,AMÉRICA DO SUL,,-7.21895980835,-39.270099639899996
SBMS,MOSSORÓ,RN,NORDESTE,BRASIL,AMÉRICA DO SUL,,-5.2019200324999995,-37.3642997742
TTPP,"PORT OF SPAIN, TRINIDAD",,,TRINIDAD E TOBAGO,AMÉRICA CENTRAL,,10.595399856567383,-61.33720016479492
6ASO,SORRISO,MT,CENTRO-OESTE,BRASIL,AMÉRICA DO SUL,,-15.642259999999965,-56.12584999999996
SBAT,ALTA FLORESTA,MT,CENTRO-OESTE,BRASIL,AMÉRICA DO SUL,,-9.8663892746,-56.1049995422
SBEK,JACAREACANGA,PA,NORTE,BRASIL,AMÉRICA DO SUL,,-6.233160018920898,-57.77690124511719
SBOI,OIAPOQUE,AP,NORTE,BRASIL,AMÉRICA DO SUL,,3.85548996925354,-51.79690170288086
SNDB,RURÓPOLIS,PA,NORTE,BRASIL,AMÉRICA DO SUL,,-4.0855560302734375,-54.910831451416016
SNMD,ITAITUBA,PA,NORTE,BRASIL,AMÉRICA DO SUL,,-6.820556163787842,-56.844722747802734
SNMZ,PORTO DE MOZ,PA,NORTE,BRASIL,AMÉRICA DO SUL,,-1.7414499521255493,-52.23609924316406
SNNG,NOVO PROGRESSO,PA,NORTE,BRASIL,AMÉRICA DO SUL,,-7.031867719284493,-55.42436972862456
SNSH,SANTARÉM,PA,NORTE,BRASIL,AMÉRICA DO SUL,,-2.5744400024414062,-54.73139953613281
SNVS,BREVES,PA,NORTE,BRASIL,AMÉRICA DO SUL,,-1.6365300416946411,-50.443599700927734
SWJH,JUARA,MT,CENTRO-OESTE,BRASIL,AMÉRICA DO SUL,,-15.642259999999965,-56.12584999999996
SWJN,JUÍNA,MT,CENTRO-OESTE,BRASIL,AMÉRICA DO SUL,,-11.419444,-58.701668
SWJU,JURUENA,MT,CENTRO-OESTE,BRASIL,AMÉRICA DO SUL,,-10.305832862854004,-58.489444732666016
SWMP,GUARANTÃ DO NORTE,MT,CENTRO-OESTE,BRASIL,AMÉRICA DO SUL,,-9.956769999999949,-54.904439999999965
SWPI,PARINTINS,AM,NORTE,BRASIL,AMÉRICA DO SUL,,-2.6730198860168457,-56.777198791503906
SWRP,ARIPUANÃ,MT,CENTRO-OESTE,BRASIL,AMÉRICA DO SUL,,-10.188278,-59.457273
SWSI,SINOP,MT,CENTRO-OESTE,BRASIL,AMÉRICA DO SUL,,-11.885001,-55.586109
SWUQ,ALTO ALEGRE,RR,NORTE,BRASIL,AMÉRICA DO SUL,,2.83528,-63.646999
SBTS,ÓBIDOS,PA,NORTE,BRASIL,AMÉRICA DO SUL,,2.22347,-55.946098
SWCP,CAMPO NOVO DO PARECIS,MT,CENTRO-OESTE,BRASIL,AMÉRICA DO SUL,,-13.628610610961914,-57.926387786865234
SWTS,TANGARÁ DA SERRA,MT,CENTRO-OESTE,BRASIL,AMÉRICA DO SUL,,-14.661999702500001,-57.4435005188
SWTU,CAMPO NOVO DO PARECIS,MT,CENTRO-OESTE,BRASIL,AMÉRICA DO SUL,,-13.465528,-58.866935
SBJC,BELÉM,PA,NORTE,BRASIL,AMÉRICA DO SUL,,-1.4141600132,-48.4607009888
SNLA,PARAUAPEBAS,PA,NORTE,BRASIL,AMÉRICA DO SUL,,-6.567500114440918,-49.719444274902344
SWKC,CÁCERES,MT,CENTRO-OESTE,BRASIL,AMÉRICA DO SUL,,-16.04360008239746,-57.62990188598633
SNSM,SALINÓPOLIS,PA,NORTE,BRASIL,AMÉRICA DO SUL,,-0.6956639885902405,-47.33470153808594
SWLV,SANTO ANTÔNIO DO LEVERGER,MT,CENTRO-OESTE,BRASIL,AMÉRICA DO SUL,,-15.853400230407715,-56.087398529052734
SMPB,PARAMARIBO,,,SURINAME,AMÉRICA DO SUL,,5.820310000000063,-55.16541999999998
SNFX,SÃO FÉLIX DO XINGU,PA,NORTE,BRASIL,AMÉRICA DO SUL,,-6.6413,-51.9523
SWMW,MAUÉS,AM,NORTE,BRASIL,AMÉRICA DO SUL,,-3.37217,-57.7248
SWVR,SINOP,MT,CENTRO-OESTE,BRASIL,AMÉRICA DO SUL,,-11.906131,-55.456099
SBCP,CAMPOS DOS GOYTACAZES,RJ,SUDESTE,BRASIL,AMÉRICA DO SUL,,-21.698299408,-41.301700592
SBNM,SANTO ÂNGELO,RS,SUL,BRASIL,AMÉRICA DO SUL,,-28.2817,-54.169102
SBPP,PONTA PORÃ,MS,CENTRO-OESTE,BRASIL,AMÉRICA DO SUL,,-22.54960060119629,-55.702598571777344
SNMU,MUCURI,BA,NORDESTE,BRASIL,AMÉRICA DO SUL,,-18.048900604248047,-39.864200592041016
SSDO,DOURADOS,MS,CENTRO-OESTE,BRASIL,AMÉRICA DO SUL,,-22.2019,-54.926601
SWLC,RIO VERDE,GO,CENTRO-OESTE,BRASIL,AMÉRICA DO SUL,,-17.8347225189209,-50.956111907958984
SBBQ,BARBACENA,MG,SUDESTE,BRASIL,AMÉRICA DO SUL,,-21.2672,-43.761101
SBMT,SÃO PAULO,SP,SUDESTE,BRASIL,AMÉRICA DO SUL,,-23.5090999603,-46.6377983093
SDFR,CABO FRIO,RJ,SUDESTE,BRASIL,AMÉRICA DO SUL,,-3.741244,-38.473532
SULS,"MALDONADO/PUNTA DEL ESTE, MALDONADO",,,URUGUAI,AMÉRICA DO SUL,,-34.855098724365234,-55.09429931640625
SBCZ,CRUZEIRO DO SUL,AC,NORTE,BRASIL,AMÉRICA DO SUL,,-7.59991,-72.769501
SBRB,RIO BRANCO,AC,NORTE,BRASIL,AMÉRICA DO SUL,,-9.869031,-67.893984
SBTF,TEFÉ,AM,NORTE,BRASIL,AMÉRICA DO SUL,,-3.38294005394,-64.7240982056
SBTK,TARAUACÁ,AC,NORTE,BRASIL,AMÉRICA DO SUL,,-8.1552600860596,-70.783302307129
SBTT,TABATINGA,AM,NORTE,BRASIL,AMÉRICA DO SUL,,-4.2556700706482,-69.93579864502
SBUA,SÃO GABRIEL DA CACHOEIRA,AM,NORTE,BRASIL,AMÉRICA DO SUL,,-0.14835,-66.9855
SWBC,BARCELOS,AM,NORTE,BRASIL,AMÉRICA DO SUL,,-0.981292,-62.919601
SWBR,BORBA,AM,NORTE,BRASIL,AMÉRICA DO SUL,,-4.4063401222229,-59.60240173339844
SWCA,CARAUARI,AM,NORTE,BRASIL,AMÉRICA DO SUL,,-4.871520042419434,-66.89749908447266
SWEI,EIRUNEPÉ,AM,NORTE,BRASIL,AMÉRICA DO SUL,,-6.639530181884766,-69.87979888916016
SWHT,HUMAITÁ,AM,NORTE,BRASIL,AMÉRICA DO SUL,,-7.532120227810001,-63.072101593
SWII,SANTO ANTÔNIO DO IÇÁ,AM,NORTE,BRASIL,AMÉRICA DO SUL,,-2.939069986343384,-69.69400024414062
SWJP,JAPURÁ,AM,NORTE,BRASIL,AMÉRICA DO SUL,,-1.4039299488067627,-69.42379760742188
SWKO,COARI,AM,NORTE,BRASIL,AMÉRICA DO SUL,,-4.134059906005859,-63.132598876953125
SWLB,LÁBREA,AM,NORTE,BRASIL,AMÉRICA DO SUL,,-7.278969764709473,-64.76950073242188
SWNA,NOVO ARIPUANÃ,AM,NORTE,BRASIL,AMÉRICA DO SUL,,-5.118030071258545,-60.364898681640625
SWOB,FONTE BOA,AM,NORTE,BRASIL,AMÉRICA DO SUL,,-2.5326099395800004,-66.0831985474
SWTP,SANTA ISABEL DO RIO NEGRO,AM,NORTE,BRASIL,AMÉRICA DO SUL,,-0.3786,-64.9923
SWNO,NOVA OLINDA DO NORTE,AM,NORTE,BRASIL,AMÉRICA DO SUL,,-3.8877780437469482,-59.07833480834961
SBIC,ITACOATIARA,AM,NORTE,BRASIL,AMÉRICA DO SUL,,-3.1272599697113037,-58.481201171875
SWMK,SÃO GABRIEL DA CACHOEIRA,AM,NORTE,BRASIL,AMÉRICA DO SUL,,0.6282690167427063,-66.11509704589844
SBMY,MANICORÉ,AM,NORTE,BRASIL,AMÉRICA DO SUL,,-5.8113799095154,-61.278301239014
SWSQ,SÃO GABRIEL DA CACHOEIRA,AM,NORTE,BRASIL,AMÉRICA DO SUL,,1.733055556,-69.38388889
SWUY,COARI,AM,NORTE,BRASIL,AMÉRICA DO SUL,,-4.88422012329,-65.3554000854
SBYA,SÃO GABRIEL DA CACHOEIRA,AM,NORTE,BRASIL,AMÉRICA DO SUL,,0.6075000166893,-69.18579864502
SWYN,APUÍ,AM,NORTE,BRASIL,AMÉRICA DO SUL,,-7.17287015914917,-59.839599609375
SBLJ,LAGES,SC,SUL,BRASIL,AMÉRICA DO SUL,,-27.782100677499997,-50.28150177
SBPF,PASSO FUNDO,RS,SUL,BRASIL,AMÉRICA DO SUL,,-28.243999,-52.326599
SURV,"RIVERA, RIVERA",,,URUGUAI,AMÉRICA DO SUL,,-30.974599838256836,-55.476200103759766
GVAC,ILHA DO SAL,,,CABO VERDE,ÁFRICA,,16.7414,-22.9494
2NHT,UNA,BA,NORDESTE,BRASIL,AMÉRICA DO SUL,,-12.729117238158741,-38.32290150249713
SBCB,CABO FRIO,RJ,SUDESTE,BRASIL,AMÉRICA DO SUL,,-22.921699523900003,-42.074298858599995
SNVB,VALENÇA,BA,NORDESTE,BRASIL,AMÉRICA DO SUL,,-13.2965,-38.992401
SBAN,ANÁPOLIS,GO,CENTRO-OESTE,BRASIL,AMÉRICA DO SUL,,-16.2292,-48.964298
SBSC,RIO DE JANEIRO,RJ,SUDESTE,BRASIL,AMÉRICA DO SUL,,-22.9324,-43.719101
FAJS,JOHANNESBURG,,,ÁFRICA DO SUL,ÁFRICA,,-26.29575496366981,27.877010092081974
SMJP,ZANDERIJ,,,SURINAME,AMÉRICA DO SUL,,5.4528298377999995,-55.1878013611
LSZH,ZÜRICH/KLOTEN,,,SUÍÇA,EUROPA,,47.464699,8.54917
LPPT,LISBOA,,,PORTUGAL,EUROPA,,38.7813,-9.13592
SDZC,SÃO CARLOS,SP,SUDESTE,BRASIL,AMÉRICA DO SUL,,2.708055,-62.668889
FQMA,MAPUTO,,,MOÇAMBIQUE,ÁFRICA,,-25.920799,32.572601
SAZS,"SAN CARLOS DE BARILOCHE, RÍO NEGRO PROVINCE",,,ARGENTINA,AMÉRICA DO SUL,,-41.151199,-71.157501
EHWO,WOENSDRECHT,,,HOLANDA,EUROPA,,51.4491,4.34203
LPFR,FARO / MADEIRA AND ACORES,,,PORTUGAL,EUROPA,,37.0144004822,-7.96590995789
DGAA,ACCRA,,,GANA,ÁFRICA,,5.605189800262451,-0.16678600013256073
KSHR,"SHERIDAN, WYOMING",,,ESTADOS UNIDOS DA AMÉRICA,AMÉRICA DO NORTE,,44.76919937133789,-106.9800033569336
LPPR,PORTO,,,PORTUGAL,EUROPA,,41.2481002808,-8.68138980865
LEPA,ISLAS BALEARES,,,ESPANHA,EUROPA,,39.551700592,2.73881006241
MDPC,PUNTA CANA,,,REPÚBLICA DOMINICANA,AMÉRICA CENTRAL,,18.567399978599997,-68.36340332030001
TNCA,"ORANJESTAD, ARUBA",,,ARUBA,AMÉRICA DO SUL,,12.5014,-70.015198
TNCM,PHILIPSBURG,,,ILHA DE SÃO MARTINHO,AMÉRICA CENTRAL,,18.041000366200002,-63.1088981628
SSVI,VIDEIRA,SC,SUL,BRASIL,AMÉRICA DO SUL,,-26.99970054626465,-51.14189910888672
SNIG,IGUATU,CE,NORDESTE,BRASIL,AMÉRICA DO SUL,,-6.346640110015869,-39.293800354003906
SNOB,SOBRAL,CE,NORDESTE,BRASIL,AMÉRICA DO SUL,,-3.67889,-40.336802
SNQD,SOUSA,PB,NORDESTE,BRASIL,AMÉRICA DO SUL,,-6.78543996811,-38.2333984375
SNTS,PATOS,PB,NORDESTE,BRASIL,AMÉRICA DO SUL,,-7.038990020751953,-37.2515983581543
SNAB,ARARIPINA,PE,NORDESTE,BRASIL,AMÉRICA DO SUL,,-7.5867600440979,-40.535499572753906
SNQG,FLORIANO,PI,NORDESTE,BRASIL,AMÉRICA DO SUL,,-6.8463897705078125,-43.077301025390625
SNKK,CAICÓ,RN,NORDESTE,BRASIL,AMÉRICA DO SUL,,-6.439169883728027,-37.07830047607422
SNRS,RUSSAS,CE,NORDESTE,BRASIL,AMÉRICA DO SUL,,-4.947269916534424,-38.008201599121094
SNQX,QUIXADÁ,CE,NORDESTE,BRASIL,AMÉRICA DO SUL,,-4.97907018661499,-38.98759841918945
SDUN,ITAPERUNA,RJ,SUDESTE,BRASIL,AMÉRICA DO SUL,,-21.219299316399997,-41.8759002686
SNPD,PATOS DE MINAS,MG,SUDESTE,BRASIL,AMÉRICA DO SUL,,-18.672800064086914,-46.4911994934082
SBCC,NOVO PROGRESSO,PA,NORTE,BRASIL,AMÉRICA DO SUL,,-9.33393955231,-54.9654006958
SBPC,POÇOS DE CALDAS,MG,SUDESTE,BRASIL,AMÉRICA DO SUL,,-21.843000411987,-46.567901611328
SBAV,TEODORO SAMPAIO,SP,SUDESTE,BRASIL,AMÉRICA DO SUL,,-22.5256004333,-52.9721984863
SDOU,OURINHOS,SP,SUDESTE,BRASIL,AMÉRICA DO SUL,,-22.96649932861328,-49.913299560546875
SBTL,TELÊMACO BORBA,PR,SUL,BRASIL,AMÉRICA DO SUL,,-24.317801,-50.6516
SBGM,GUAJARÁ-MIRIM,RO,NORTE,BRASIL,AMÉRICA DO SUL,,-10.786399841308594,-65.28479766845703
SWCQ,COSTA MARQUES,RO,NORTE,BRASIL,AMÉRICA DO SUL,,-12.421099662780762,-64.25160217285156
SWFJ,FEIJÓ,AC,NORTE,BRASIL,AMÉRICA DO SUL,,-8.16558,-70.352997
KORD,"CHICAGO, ILLINOIS",,,ESTADOS UNIDOS DA AMÉRICA,AMÉRICA DO NORTE,,41.9786,-87.9048
EGLL,"LONDON, ENGLAND",,,REINO UNIDO,EUROPA,,51.4706,-0.461941
EKCH,KASTRUP NEAR COPENHAGEN,,,ILHAS FEROÉ,EUROPA,,55.617900848389,12.656000137329
KLAS,"LAS VEGAS, NEVADA",,,ESTADOS UNIDOS DA AMÉRICA,AMÉRICA DO NORTE,,36.08010101,-115.1520004
MMAA,ACAPULCO/GEN.JUAN ALVAREZ,,,MÉXICO,AMÉRICA DO NORTE,,16.757099151611328,-99.75399780273438
RJNN,ARPT DE NAGOYA,,,JAPÃO,ÁSIA,,35.181420470000035,136.90668338000012
SLLP,LA PAZ,,,BOLÍVIA,AMÉRICA DO SUL,,-16.5132999420166,-68.19229888916016
SUPE,"MALDONADO/PUNTA DEL ESTE, MALDONADO",,,URUGUAI,AMÉRICA DO SUL,,-34.9169998169,-54.916999816899995
SKCL,CALI,,,COLÔMBIA,AMÉRICA DO SUL,,3.54322,-76.3816
GCLP,LAS PALMAS,,,ILHAS CANÁRIAS,ÁFRICA,,27.931900024414062,-15.38659954071045
EDDM,MUNICH,,,ALEMANHA,EUROPA,,48.353802,11.7861
PANC,"ANCHORAGE, ALASKA",,,ESTADOS UNIDOS DA AMÉRICA,AMÉRICA DO NORTE,,61.174400329589844,-149.99600219726562
KADW,"CAMP SPRINGS, MARYLAND",,,ESTADOS UNIDOS DA AMÉRICA,AMÉRICA DO NORTE,,38.810799,-76.866997
SVMG,"PORLAMAR, ISLA MARGARITA",,,VENEZUELA,AMÉRICA DO SUL,,10.912603378295898,-63.96659851074219
MUCM,CAMAGUEY,,,CUBA,AMÉRICA CENTRAL,,21.420299530029297,-77.84750366210938
SPSO,"PISCO, ICA REGION",,,PERU,AMÉRICA DO SUL,,-13.74489974975586,-76.22029876708984
KFLL,"FORT LAUDERDALE/HOLLYWOOD, FLORIDA",,,ESTADOS UNIDOS DA AMÉRICA,AMÉRICA DO NORTE,,26.072599,-80.152702
KOSC,OSCODA WURTSMITH,,,ESTADOS UNIDOS DA AMÉRICA,AMÉRICA DO NORTE,,44.451599,-83.394096
KPBI,"WEST PALM BEACH, FLORIDA",,,ESTADOS UNIDOS DA AMÉRICA,AMÉRICA DO NORTE,,26.68320083618164,-80.09559631347656
EBBB,BRUXELAS,,,BÉLGICA,EUROPA,,50.83202000000006,4.3517400000000634
LEBL,BARCELONA,,,ESPANHA,EUROPA,,41.2971,2.07846
SELT,LATACUNGA,,,EQUADOR,AMÉRICA DO SUL,,-0.906833,-78.615799
SARO,ITUZAINGO,,,ARGENTINA,AMÉRICA DO SUL,,-27.5261001587,-56.6333007812
SBMM,JAÍBA,MG,SUDESTE,BRASIL,AMÉRICA DO SUL,,-22.357200622558594,-40.090599060058594
SSPK,PORECATU,PR,SUL,BRASIL,AMÉRICA DO SUL,,-22.778799057006836,-51.36140060424805
CYUL,"MONTREAL, QUEBEC",,,CANADÁ,AMÉRICA DO NORTE,,45.4706001282,-73.7407989502
KIAD,"WASHINGTON, DC",,,ESTADOS UNIDOS DA AMÉRICA,AMÉRICA DO NORTE,,38.94449997,-77.45580292
SARI,"PUERTO IGUAZÚ, MISIONES PROVINCE",,,ARGENTINA,AMÉRICA DO SUL,,-25.737301,-54.4734
SEQM,QUITO,,,EQUADOR,AMÉRICA DO SUL,,-0.129166666667,-78.3575
EDFH,RHINELAND-PALATINATE,,,ALEMANHA,EUROPA,,49.9487,7.26389
SKBQ,BARRANQUILLA,,,COLÔMBIA,AMÉRICA DO SUL,,10.8896,-74.7808
KMCN,"MACON, GEORGIA",,,ESTADOS UNIDOS DA AMÉRICA,AMÉRICA DO NORTE,,32.69279861450195,-83.64920043945312
MTPP,PORT-DE-PAIX,,,HAITI,AMÉRICA CENTRAL,,18.579999923706055,-72.2925033569336
SBAC,ARACATI,CE,NORDESTE,BRASIL,AMÉRICA DO SUL,,-4.568611,-37.804722
SBAE,AREALVA,SP,SUDESTE,BRASIL,AMÉRICA DO SUL,,-22.15778,-49.06833
SBCN,CALDAS NOVAS,GO,CENTRO-OESTE,BRASIL,AMÉRICA DO SUL,,-17.725299835205,-48.607498168945
SBDB,BONITO,MS,CENTRO-OESTE,BRASIL,AMÉRICA DO SUL,,-21.2473,-56.4525
SBDO,DOURADOS,MS,CENTRO-OESTE,BRASIL,AMÉRICA DO SUL,,-22.22856901507285,-54.73851941940339
SBGV,GOVERNADOR VALADARES,MG,SUDESTE,BRASIL,AMÉRICA DO SUL,,-18.89520072937,-41.982200622559
SBJE,CRUZ,CE,NORDESTE,BRASIL,AMÉRICA DO SUL,,-3.748169999999959,-38.448519999999974
SBRD,RONDONÓPOLIS,MT,CENTRO-OESTE,BRASIL,AMÉRICA DO SUL,,-16.46586999999994,-54.62233999999995
SBSG,SÃO GONÇALO DO AMARANTE,RN,NORDESTE,BRASIL,AMÉRICA DO SUL,,-5.768056,-35.376111
SBSI,SINOP,MT,CENTRO-OESTE,BRASIL,AMÉRICA DO SUL,,-15.642259999999965,-56.12584999999996
SBSO,SORRISO,MT,CENTRO-OESTE,BRASIL,AMÉRICA DO SUL,,-12.479177,-55.672341
SBVC,VITÓRIA DA CONQUISTA,BA,NORDESTE,BRASIL,AMÉRICA DO SUL,,-14.845117237443073,-40.82990909576193
SBZM,GOIANÁ,MG,SUDESTE,BRASIL,AMÉRICA DO SUL,,-21.513086,-43.173069
KGUS,"PERU, INDIANA",,,ESTADOS UNIDOS DA AMÉRICA,AMÉRICA DO NORTE,,40.648101806599996,-86.1520996094
MGGT,GUATEMALA/LA AURORA,,,GUATEMALA,AMÉRICA CENTRAL,,14.5833,-90.527496
SBTG,TRÊS LAGOAS,MS,CENTRO-OESTE,BRASIL,AMÉRICA DO SUL,,-20.767124949846014,-51.73178989520845
SBJA,JAGUARUNA,SC,SUL,BRASIL,AMÉRICA DO SUL,,-28.6753,-49.0596
TJSJ,SAN JUAN,,,PORTO RICO,AMÉRICA CENTRAL,,18.4393997192,-66.0018005371
EBBR,BRUSSELS/ZAVENTEM,,,BÉLGICA,EUROPA,,50.901401519800004,4.48443984985
KROW,"ROSWELL, NEW MEXICO",,,ESTADOS UNIDOS DA AMÉRICA,AMÉRICA DO NORTE,,33.301601,-104.530998
MNMG,MANAGUA,,,NICARÁGUA,AMÉRICA CENTRAL,,12.141500473022461,-86.16819763183594
SPJC,"CALLAO/LIMA, LIMA METROPOLITAN AREA",,,PERU,AMÉRICA DO SUL,,-12.05612999999994,-77.02678999999995
EDHI,HAMBURG,,,ALEMANHA,EUROPA,,53.5352783203125,9.835556030273438
LPAR,ALVERCA,,,PORTUGAL,EUROPA,,38.883301,-9.0301
SLCB,COCHABAMBA,,,BOLÍVIA,AMÉRICA DO SUL,,-17.421100616455078,-66.1771011352539
ELLX,LUXEMBOURG CITY,,,LUXEMBURGO,EUROPA,,49.6233333,6.2044444
KAEX,"ALEXANDRIA, LOUISIANA",,,ESTADOS UNIDOS DA AMÉRICA,AMÉRICA DO NORTE,,31.32740020751953,-92.54979705810547
OMAA,AB DHABI INTERNATIONAL,,,EMIRADOS ÁRABES UNIDOS,ÁSIA,,24.433000564575195,54.651100158691406
VOHS,"HYDERABAD, INDIA",,,ÍNDIA,ÁSIA,,17.231318,78.429855
VHHH,CHEK LAP KOK,,,HONG KONG,ÁSIA,,22.308901,113.915001
DNMM,"IKEJA,  LAGOS STATE",,,NIGÉRIA,ÁFRICA,,6.5773701667785645,3.321160078048706
FKKD,DOUALA,,,CAMARÕES,ÁFRICA,,4.0060801506,9.719479560849999
HAAB,ADDIS ABABA,,,ETIÓPIA,ÁFRICA,,8.97789001465,38.799301147499996
EBLG,LIÈGE,,,BÉLGICA,EUROPA,,50.63740158081055,5.443220138549805
FOOL,LIBREVILLE,,,GABÃO,ÁFRICA,,0.458600014448,9.412280082699999
SVSO,SANTO DOMINGO,,,VENEZUELA,AMÉRICA DO SUL,,7.56538,-72.035103
SVBM,BARQUISIMETO,,,VENEZUELA,AMÉRICA DO SUL,,10.042746543884277,-69.3586196899414
TJBQ,AQUADILLA BORINQUEN,,,PORTO RICO,AMÉRICA CENTRAL,,18.49489974975586,-67.12940216064453
MROC,SAN JOSE/JUAN SANTAMARIA,,,COSTA RICA,AMÉRICA CENTRAL,,9.993860244750977,-84.20880126953125
LATI,TIRANA,,,ALBÂNIA,EUROPA,,41.4146995544,19.7206001282
UAAA,ALMATY,,,CAZAQUISTÃO,ÁSIA,,43.35210037231445,77.04049682617188
KBFI,"SEATTLE, WASHINGTON",,,ESTADOS UNIDOS DA AMÉRICA,AMÉRICA DO NORTE,,47.529998779296875,-122.302001953125
KSTL,"ST. LOUIS, MISSOURI",,,ESTADOS UNIDOS DA AMÉRICA,AMÉRICA DO NORTE,,38.748697,-90.370003
RKSI,INCHEON (NEAR SEOUL),,,COREIA DO SUL,ÁSIA,,37.46910095214844,126.45099639892578
SKLT,LETICIA,,,COLÔMBIA,AMÉRICA DO SUL,,-4.19355,-69.9432
SCCF,CALAMA,,,CHILE,AMÉRICA DO SUL,,-22.498199462890625,-68.90360260009766
SCDA,IQUIQUE,,,CHILE,AMÉRICA DO SUL,,-20.535200119018555,-70.1812973022461
YSSY,"MASCOT, NEW SOUTH WALES",,,AUSTRÁLIA,OCEANIA,,-33.94609832763672,151.177001953125
SDSC,SÃO CARLOS,SP,SUDESTE,BRASIL,AMÉRICA DO SUL,,-21.875401,-47.903703
EGSS,"LONDON, ENGLAND",,,REINO UNIDO,EUROPA,,51.8849983215,0.234999999404
GVNP,CABO VERDE,,,CABO VERDE,ÁFRICA,,14.924500465393066,-23.493499755859375
SKRG,MEDELLÍN/RIONEGRO,,,COLÔMBIA,AMÉRICA DO SUL,,6.16454,-75.4231
SDMC,MARICÁ,RJ,SUDESTE,BRASIL,AMÉRICA DO SUL,,-22.9195,-42.830898
SBBW,BARRA DO GARÇAS,MT,CENTRO-OESTE,BRASIL,AMÉRICA DO SUL,,-15.861300468400001,-52.3889007568
SBJD,JUNDIAÍ,SP,SUDESTE,BRASIL,AMÉRICA DO SUL,,-23.180369,-46.944408
SDIM,ITANHAÉM,SP,SUDESTE,BRASIL,AMÉRICA DO SUL,,-24.164722442626953,-46.78555679321289
SDTK,PARATY,RJ,SUDESTE,BRASIL,AMÉRICA DO SUL,,-23.224044,-44.723357
SJHG,CONFRESA,MT,CENTRO-OESTE,BRASIL,AMÉRICA DO SUL,,-10.634400367736816,-51.5635986328125
SNGA,GUARAPARI,ES,SUDESTE,BRASIL,AMÉRICA DO SUL,,-20.646499633800005,-40.491901397700005
SNHS,SERRA TALHADA,PE,NORDESTE,BRASIL,AMÉRICA DO SUL,,-8.0623998642,-38.3288002014
SNMA,MONTE ALEGRE,PA,NORTE,BRASIL,AMÉRICA DO SUL,,-1.9958000183105469,-54.07419967651367
SNRJ,BREJO,MA,NORDESTE,BRASIL,AMÉRICA DO SUL,,-3.6669440269470215,-42.83388900756836
SNYA,ALMEIRIM,PA,NORTE,BRASIL,AMÉRICA DO SUL,,-1.4919439554214478,-52.57833480834961
SSCN,CANELA,RS,SUL,BRASIL,AMÉRICA DO SUL,,-29.37019920349121,-50.832000732421875
SSOU,ARIPUANÃ,MT,CENTRO-OESTE,BRASIL,AMÉRICA DO SUL,,-17.036942,-46.260277
SSTE,TORRES,RS,SUL,BRASIL,AMÉRICA DO SUL,,-29.23417999999998,-51.32977999999997
SWHP,ÁGUA BOA,MT,CENTRO-OESTE,BRASIL,AMÉRICA DO SUL,,-14.019444,-52.152222
SDWQ,ALENQUER,PA,NORTE,BRASIL,AMÉRICA DO SUL,,-1.9409199999999487,-54.73634999999996
SBUY,COARI,AM,NORTE,BRASIL,AMÉRICA DO SUL,,-3.1257932649153406,-60.03619088350898
SBPG,PONTA GROSSA,PR,SUL,BRASIL,AMÉRICA DO SUL,,-25.085599999999943,-50.178699999999935
ZGSZ,"SHENZHEN, GUANGDONG",,,CHINA,ÁSIA,,22.639299392700195,113.81099700927734
EDDK,COLOGNE/BONN,,,ALEMANHA,EUROPA,,50.8658981323,7.1427397728
HKJK,NAIROBI,,,QUÊNIA,ÁFRICA,,-1.31923997402,36.9277992249
VCBI,COLOMBO,,,SRI LANKA,ÁSIA,,7.180759906768799,79.88410186767578
VMMC,TAIPA,,,MACAU,ÁSIA,,22.149599,113.592003
UCFM,BISHKEK,,,QUIRGUISTÃO,ÁSIA,,42.884340000000066,74.60354000000007
FYWH,WINDHOEK,,,NAMÍBIA,ÁFRICA,,-22.4799,17.4709
GUCY,CONAKRY/GBESSIA,,,GUINÉ,ÁFRICA,,9.57689,-13.612
OEJN,JEDDAH,,,ARÁBIA SAUDITA,ÁSIA,,21.6796,39.156502
OTHH,DOHA,,,QATAR,ÁSIA,,25.273056,51.608056
EHBK,BEEK,,,HOLANDA,EUROPA,,50.911701,5.77014
LEZG,ZARAGOZA,,,ESPANHA,EUROPA,,41.66619873046875,-1.0415500402450562
SDNM,NOVA MUTUM,MT,CENTRO-OESTE,BRASIL,AMÉRICA DO SUL,,-22.447500228881836,-43.128334045410156
SILC,LUCAS DO RIO VERDE,MT,CENTRO-OESTE,BRASIL,AMÉRICA DO SUL,,-13.037861,-55.95025
SYCJ,GEORGETOWN,,,GUIANA,AMÉRICA DO SUL,,6.498549938201904,-58.25410079956055
KBOS,"BOSTON, MASSACHUSETTS",,,ESTADOS UNIDOS DA AMÉRICA,AMÉRICA DO NORTE,,42.36429977,-71.00520325
ZBAA,BEIJING,,,CHINA,ÁSIA,,40.080101013183594,116.58499908447266
LMML,LUQA,,,MALTA,EUROPA,,35.857498,14.4775
LKMT,OSTRAVA,,,REPÚBLICA TCHECA,EUROPA,,49.6963005065918,18.111099243164062
SYEC,OGLE,,,GUIANA,AMÉRICA DO SUL,,-14.604849999999942,-57.65624999999994
GOBD,DAKAR,,,SENEGAL,ÁFRICA,,14.67,-17.073333
LTFM,ISTANBUL,,,TURQUIA,EUROPA,,41.275278,28.751944
LTBA,ISTANBUL,,,TURQUIA,EUROPA,,40.976898,28.8146
CYLW,"KELOWNA, BRITISH COLUMBIA",,,CANADÁ,AMÉRICA DO NORTE,,49.9561004639,-119.377998352
KGTF,"GREAT FALLS, MONTANA",,,ESTADOS UNIDOS DA AMÉRICA,AMÉRICA DO NORTE,,47.48199844,-111.3710022
OMDB,DUBAI INTERNATIONAL,,,EMIRADOS ÁRABES UNIDOS,ÁSIA,,25.2527999878,55.3643989563
DIAP,ABIDJAN,,,COSTA DO MARFIM,ÁFRICA,,5.261390209197998,-3.9262900352478027
HSSS,KHARTOUM,,,SUDÃO,ÁFRICA,,15.589500427246094,32.553199768066406
OBBI,AL MUHARRAQ,,,BAHREIN,ÁSIA,,26.27079963684082,50.63359832763672
VOMM,CHENNAI/MADRAS,,,ÍNDIA,ÁSIA,,12.990005493164062,80.16929626464844
BIKF,KEFLAVÍK,,,ISLÂNDIA,EUROPA,,63.985001,-22.6056
SBFE,FEIRA DE SANTANA,BA,NORDESTE,BRASIL,AMÉRICA DO SUL,,-12.2220814142121,-38.981259526719356
SWNB,LUÍS EDUARDO MAGALHÃES,BA,NORDESTE,BRASIL,AMÉRICA DO SUL,,-14.707221984863281,-56.33833312988281
SNIC,IRECÊ,BA,NORDESTE,BRASIL,AMÉRICA DO SUL,,-11.339900016784668,-41.84700012207031
SNAV,JUAZEIRO,BA,NORDESTE,BRASIL,AMÉRICA DO SUL,,-9.50417,-40.36944
SNDH,BARREIRAS,BA,NORDESTE,BRASIL,AMÉRICA DO SUL,,-12.162858,-45.033695
SNIP,ITAPETINGA,BA,NORDESTE,BRASIL,AMÉRICA DO SUL,,-15.244500160217285,-40.277198791503906
EFHK,VANTAA,,,FINLÂNDIA,EUROPA,,60.317199707031,24.963300704956
ESGG,GÖTEBORG,,,SUÉCIA,EUROPA,,57.662799835205,12.279800415039
EGNX,"EAST MIDLANDS, ENGLAND",,,REINO UNIDO,EUROPA,,52.8311004639,-1.32806003094
LEZL,SEVILLA,,,ESPANHA,EUROPA,,37.417999267578125,-5.8931097984313965
UBBB,BAKU,,,AZERBAIJÃO,ÁSIA,,40.467498779296875,50.04669952392578
ZSPD,SHANGHAI,,,CHINA,ÁSIA,,31.143400192260742,121.80500030517578
CYOW,"OTTAWA, ONTARIO",,,CANADÁ,AMÉRICA DO NORTE,,45.3224983215332,-75.66919708251953
DAAG,ALGIERS,,,ARGÉLIA,ÁFRICA,,36.691001892089844,3.215409994125366
GABS,BAMAKO,,,MALI,ÁFRICA,,12.5335,-7.94994
GMME,RABAT,,,MARROCOS,ÁFRICA,,34.051498,-6.75152
MMTO,TOLUCA,,,MÉXICO,AMÉRICA DO NORTE,,19.3370990753,-99.56600189210002
UUWW,MOSCOW,,,RÚSSIA,EUROPA,,55.5914993286,37.2615013123
SBAX,ARAXÁ,MG,SUDESTE,BRASIL,AMÉRICA DO SUL,,-19.563199996948,-46.960399627686
SBJI,JI-PARANÁ,RO,NORTE,BRASIL,AMÉRICA DO SUL,,-10.911089898893431,-61.91921793209769
SBLE,LENÇÓIS,BA,NORDESTE,BRASIL,AMÉRICA DO SUL,,-12.4822998047,-41.2770004272
SBUF,PAULO AFONSO,BA,NORDESTE,BRASIL,AMÉRICA DO SUL,,-9.4008798599243,-38.250598907471
SNDV,DIVINÓPOLIS,MG,SUDESTE,BRASIL,AMÉRICA DO SUL,,-20.180700302124,-44.870899200439
SSKW,CACOAL,RO,NORTE,BRASIL,AMÉRICA DO SUL,,-11.496,-61.4508
SSZW,PONTA GROSSA,PR,SUL,BRASIL,AMÉRICA DO SUL,,-25.1847,-50.1441
MSLP,SAN SALVADOR,,,EL SALVADOR,AMÉRICA CENTRAL,,13.4409,-89.055702
UKLL,LVIV,,,UCRÂNIA,EUROPA,,49.8125,23.956100463867188
KDTW,"ROMULUS, MICHIGAN (NEAR DETROIT)",,,ESTADOS UNIDOS DA AMÉRICA,AMÉRICA DO NORTE,,42.212398529052734,-83.35340118408203
SANR,TERMAS DE RÍO HONDO,,,ARGENTINA,AMÉRICA DO SUL,,-27.4966,-64.93595
DXXX,LOMÉ,,,TOGO,ÁFRICA,,6.165609836578369,1.2545100450515747
SAWC,"EL CALAFATE, SANTA CRUZ PROVINCE",,,ARGENTINA,AMÉRICA DO SUL,,-50.2803,-72.053101
GQNN,NOUAKCHOTT,,,MAURITÂNIA,ÁFRICA,,18.0982,-15.9485
TFFF,"LE LAMENTIN, FORT-DE-FRANCE",,,MARTINICA,AMÉRICA DO NORTE,,14.590999603271484,-61.00320053100586
OMDW,JEBEL ALI,,,EMIRADOS ÁRABES UNIDOS,ÁSIA,,24.896356,55.161389
SANT,"TUCUMÁN, TUCUMÁN PROVINCE",,,ARGENTINA,AMÉRICA DO SUL,,-26.8409,-65.104897
SVBI,"BARINAS, BARINAS STATE",,,VENEZUELA,AMÉRICA DO SUL,,8.615,-70.21416667
LTBJ,IZMIR,,,TURQUIA,EUROPA,,38.2924003601,27.156999588
MMMA,MATAMOROS,,,MÉXICO,AMÉRICA DO NORTE,,25.7698993683,-97.5252990723
MMMY,MONTERREY,,,MÉXICO,AMÉRICA DO NORTE,,25.7784996033,-100.107002258
SVBC,"BARCELONA, ANZOÁTEGUI",,,VENEZUELA,AMÉRICA DO SUL,,10.111111,-64.692222
MMTY,MONTERREY FIR/UIR,,,MÉXICO,AMÉRICA DO NORTE,,25.682595797237347,-100.32893183125478
MMGL,GUADALAJARA/INTL,,,MÉXICO,AMÉRICA DO NORTE,,20.521799087524414,-103.31099700927734
SCFA,ANTOFAGASTA,,,CHILE,AMÉRICA DO SUL,,-23.444501,-70.445099
SARE,"RESISTENCIA, CHACO PROVINCE",,,ARGENTINA,AMÉRICA DO SUL,,-27.45,-59.0561
SCAR,ARICA,,,CHILE,AMÉRICA DO SUL,,-18.348499,-70.338699
SCSE,LA SERENA,,,CHILE,AMÉRICA DO SUL,,-29.916201,-71.199501
LFSB,"MULHOUSE, FRANCE/BASEL, SWITZERLAND",,,FRANÇA,EUROPA,,47.59,7.529167
EPWA,WARSAW,,,POLÔNIA,EUROPA,,52.1656990051,20.967100143399996
MMMD,MERIDA,,,MÉXICO,AMÉRICA DO NORTE,,20.937000274699997,-89.657699585
CYHN,"HORNEPAYNE, ONTARIO",,,CANADÁ,AMÉRICA DO NORTE,,49.19309997558594,-84.75890350341797
KFSO,"HIGHGATE, VERMONT",,,ESTADOS UNIDOS DA AMÉRICA,AMÉRICA DO NORTE,,44.94029999,-73.09750366
LFBT,TARBES,,,FRANÇA,EUROPA,,43.1786994934082,-0.006438999902456999
KVCV,"VICTORVILLE, CALIFORNIA",,,ESTADOS UNIDOS DA AMÉRICA,AMÉRICA DO NORTE,,34.597499847399995,-117.383003235
SWNK,BOCA DO ACRE,AM,NORTE,BRASIL,AMÉRICA DO SUL,,-8.83456,-67.312401
GCRR,LANZAROTE/ILHASCANARIAS,,,ESPANHA,EUROPA,,28.945499,-13.6052
LGAV,ATHENS (ATHINA),,,GRÉCIA,EUROPA,,37.9364013672,23.9444999695
GMMN,CASABLANCA,,,MARROCOS,ÁFRICA,,33.36750030517578,-7.589970111846924
TBPB,BRIDGETOWN,,,BARBADOS,AMÉRICA CENTRAL,,13.0746,-59.4925
FAOR,JOHANNESBURG,,,ÁFRICA DO SUL,ÁFRICA,,-26.1392,28.246
SAZN,"NEUQUÉN, NEUQUÉN PROVINCE",,,ARGENTINA,AMÉRICA DO SUL,,-38.949001,-68.155701
KBGR,"BANGOR, MAINE",,,ESTADOS UNIDOS DA AMÉRICA,AMÉRICA DO NORTE,,44.80739974975586,-68.8281021118164
MMQT,"QUERÉTARO, QUERÉTARO",,,MÉXICO,AMÉRICA DO NORTE,,20.6173,-100.185997
OOMS,MUSCAT,,,OMÃ,ÁSIA,,23.593299865722656,58.284400939941406
OTBD,DOHA,,,QATAR,ÁSIA,,25.261101,51.565102
CYYL,LYNN LAKE,,,CANADÁ,AMÉRICA DO NORTE,,56.86389923095703,-101.07599639892578
GMAD,AGADIR/ AL MASSLRA,,,MARROCOS,ÁFRICA,,30.325000762939453,-9.413069725036621
LFOK,CHÂLONS-EN-CHAMPAGNE,,,FRANÇA,EUROPA,,48.7733333333,4.206111111
LEMG,MÁLAGA,,,ESPANHA,EUROPA,,36.67490005493164,-4.499110221862793
UWLW,VOSTOCHNY AIRPORT,,,RÚSSIA,EUROPA,,54.4010009765625,48.80270004272461
EDDP,LEIPZIG/HALLE,,,ALEMANHA,EUROPA,,51.423889,12.236389
EDNY,FRIEDRICHSHAFEN,,,ALEMANHA,EUROPA,,47.671298980699994,9.51148986816
LIPN,VERONA BOSCOMANTICO,,,ITÁLIA,EUROPA,,45.472,10.9279
MMPB,PUEBLA,,,MÉXICO,AMÉRICA DO NORTE,,19.1581001282,-98.3713989258
FCPP,POINTE-NOIRE,,,CONGO,ÁFRICA,,-4.816030025482178,11.88659954071045
SAZE,PIGUE,,,ARGENTINA,AMÉRICA DO SUL,,-37.601699829100006,-62.378101348899996
TFFR,GRANDE-TERRE,,,GUADALUPE,AMÉRICA DO NORTE,,16.265301,-61.531799
SDAM,CAMPINAS,SP,SUDESTE,BRASIL,AMÉRICA DO SUL,,-22.85919952392578,-47.10820007324219
KSEA,"SEATTLE, WASHINGTON",,,ESTADOS UNIDOS DA AMÉRICA,AMÉRICA DO NORTE,,47.449001,-122.308998
RCTP,TAOYUAN CITY,,,FORMOSA (TAIWAN),ÁSIA,,25.0777,121.233002
RJCC,"CHITOSE, HOKKAIDO",,,JAPÃO,ÁSIA,,42.77519989013672,141.69200134277344
KELP,"EL PASO, TEXAS",,,ESTADOS UNIDOS DA AMÉRICA,AMÉRICA DO NORTE,,31.80719948,-106.3779984
KMDZ,"MEDFORD, WISCONSIN",,,ESTADOS UNIDOS DA AMÉRICA,AMÉRICA DO NORTE,,45.10100174,-90.30329895
KTUS,"TUCSON, ARIZONA",,,ESTADOS UNIDOS DA AMÉRICA,AMÉRICA DO NORTE,,32.115004,-110.938053
KGSO,"GREENSBORO, NORTH CAROLINA",,,ESTADOS UNIDOS DA AMÉRICA,AMÉRICA DO NORTE,,36.097801208496094,-79.93730163574219
SVJC,"PARAGUANÁ, FALCÓN",,,VENEZUELA,AMÉRICA DO SUL,,11.78077507019043,-70.15149688720703
SJQK,BOA VISTA,RR,NORTE,BRASIL,AMÉRICA DO SUL,,2.6955599784851074,-60.81420135498047
SWEU,CARACARAÍ,RR,NORTE,BRASIL,AMÉRICA DO SUL,,0.797558,-61.662983
SJLU,CARACARAÍ,RR,NORTE,BRASIL,AMÉRICA DO SUL,,1.7408299446105957,-62.286399841308594
SWBV,AMAJARI,RR,NORTE,BRASIL,AMÉRICA DO SUL,,4.003466,-64.493635
SWPD,BONFIM,RR,NORTE,BRASIL,AMÉRICA DO SUL,,2.7836110591888428,-60.58777618408203
SWQR,BOA VISTA,RR,NORTE,BRASIL,AMÉRICA DO SUL,,2.675832986831665,-60.77861022949219
SBCD,CAÇADOR,SC,SUL,BRASIL,AMÉRICA DO SUL,,-26.78840065,-50.9398002625
SJRG,RIO GRANDE,RS,SUL,BRASIL,AMÉRICA DO SUL,,-32.083065,-52.167184
SSJA,JOAÇABA,SC,SUL,BRASIL,AMÉRICA DO SUL,,-27.1714000702,-51.5532989502
SBGU,GUARAPUAVA,PR,SUL,BRASIL,AMÉRICA DO SUL,,-25.387501,-51.520199
SIXE,ELDORADO DO SUL,RS,SUL,BRASIL,AMÉRICA DO SUL,,-30.050277709960938,-51.44361114501953
SBTR,TORRES,RS,SUL,BRASIL,AMÉRICA DO SUL,,-29.41489982605,-49.810001373291
SSIJ,IJUÍ,RS,SUL,BRASIL,AMÉRICA DO SUL,,-28.36870002746582,-53.84659957885742
SNYV,MOJU,PA,NORTE,BRASIL,AMÉRICA DO SUL,,-2.1197218894958496,-48.64583206176758
SNWR,SENADOR JOSÉ PORFÍRIO,PA,NORTE,BRASIL,AMÉRICA DO SUL,,-2.636590003967285,-51.82699966430664
SNCI,CAPANEMA,PA,NORTE,BRASIL,AMÉRICA DO SUL,,-1.2309999465942383,-47.200599670410156
SNBS,BALSAS,MA,NORDESTE,BRASIL,AMÉRICA DO SUL,,-7.52603006362915,-46.05329895019531
SNPC,PICOS,PI,NORDESTE,BRASIL,AMÉRICA DO SUL,,-7.0620598793029785,-41.52370071411133
SNNC,IPIXUNA DO PARÁ,PA,NORTE,BRASIL,AMÉRICA DO SUL,,-2.8202779293060303,-47.8930549621582
SISO,CHAVES,PA,NORTE,BRASIL,AMÉRICA DO SUL,,-0.091666996479034,-49.580554962158
SNTP,TAILÂNDIA,PA,NORTE,BRASIL,AMÉRICA DO SUL,,-2.525278091430664,-48.75194549560547
SJTC,AREALVA,SP,SUDESTE,BRASIL,AMÉRICA DO SUL,,-22.166859140899998,-49.0502866745
SDLU,BARRA BONITA,SP,SUDESTE,BRASIL,AMÉRICA DO SUL,,-22.48310089111328,-48.52450180053711
SBST,SANTOS,SP,SUDESTE,BRASIL,AMÉRICA DO SUL,,-23.928056716918945,-46.299720764160156
SWBI,BARREIRINHA,AM,NORTE,BRASIL,AMÉRICA DO SUL,,-2.79241991043,-57.0578994751
SDCG,SÃO PAULO DE OLIVENÇA,AM,NORTE,BRASIL,AMÉRICA DO SUL,,-3.46792950765,-68.9204120636
SSBE,CAMAPUÃ,MS,CENTRO-OESTE,BRASIL,AMÉRICA DO SUL,,-19.598400115966797,-54.02109909057617
SDOW,OURILÂNDIA DO NORTE,PA,NORTE,BRASIL,AMÉRICA DO SUL,,-6.763100147250001,-51.0499000549
SNKE,SANTANA DO ARAGUAIA,PA,NORTE,BRASIL,AMÉRICA DO SUL,,-9.31997013092041,-50.32849884033203
KPAE,"EVERETT, WASHINGTON",,,ESTADOS UNIDOS DA AMÉRICA,AMÉRICA DO NORTE,,47.90629959,-122.2819977
SNDT,DIAMANTINA,MG,SUDESTE,BRASIL,AMÉRICA DO SUL,,-18.232000351,-43.650398254399995
SNJR,SÃO JOÃO DEL REI,MG,SUDESTE,BRASIL,AMÉRICA DO SUL,,-21.0849990845,-44.2247238159
SWRD,RONDONÓPOLIS,MT,CENTRO-OESTE,BRASIL,AMÉRICA DO SUL,,-16.586,-54.7248
SBGP,GAVIÃO PEIXOTO,SP,SUDESTE,BRASIL,AMÉRICA DO SUL,,-21.773700714111328,-48.40510177612305
SBAG,ANGRA DOS REIS,RJ,SUDESTE,BRASIL,AMÉRICA DO SUL,,-22.747752863405054,-47.31921575510304
SBBZ,ARMAÇÃO DOS BÚZIOS,RJ,SUDESTE,BRASIL,AMÉRICA DO SUL,,-22.770881,-41.96308
SBJR,RIO DE JANEIRO,RJ,SUDESTE,BRASIL,AMÉRICA DO SUL,,-22.987499,-43.369999
SKMD,MEDELLÍN,,,COLÔMBIA,AMÉRICA DO SUL,,6.220549,-75.590582
SIZX,JUARA,MT,CENTRO-OESTE,BRASIL,AMÉRICA DO SUL,,-11.2966,-57.5495
KJAX,"JACKSONVILLE, FLORIDA",,,ESTADOS UNIDOS DA AMÉRICA,AMÉRICA DO NORTE,,30.49410057067871,-81.68789672851562
EGHL,"BASINGSTOKE, ENGLAND",,,REINO UNIDO,EUROPA,,51.187199,-1.0335
KMZJ,"PINAL COUNTY, ARIZONA",,,ESTADOS UNIDOS DA AMÉRICA,AMÉRICA DO NORTE,,32.5106010437,-111.32800293
HECA,CAIRO,,,EGITO,ÁFRICA,,30.12190055847168,31.40559959411621
KGYR,"PHOENIX, ARIZONA",,,ESTADOS UNIDOS DA AMÉRICA,AMÉRICA DO NORTE,,33.4225006104,-112.375999451
LICC,CATANIA,,,ITÁLIA,EUROPA,,37.466801,15.0664
MKJP,KINGSTON/NORMAN MANLEY INTL,,,JAMAICA,AMÉRICA CENTRAL,,17.935699462890625,-76.7874984741211
VRMM,"HULHULÉ ISLAND, NORTH MALÉ ATOLL",,,MALDIVAS,ÁSIA,,4.191830158233643,73.52909851074219
WIII,"CENGKARENG, BANTEN (NEAR JAKARTA)]",,,INDONÉSIA,ÁSIA,,-6.1255698204,106.65599823
LICJ,PALERMO/PUNTA RAISI,,,ITÁLIA,EUROPA,,38.175999,13.091
NZCH,CHRISTCHURCH,,,NOVA ZELÂNDIA,OCEANIA,,-43.48939895629883,172.53199768066406
YBCS,"CAIRNS, QUEENSLAND",,,AUSTRÁLIA,OCEANIA,,-16.885799408,145.755004883
KTPA,"TAMPA, FLORIDA",,,ESTADOS UNIDOS DA AMÉRICA,AMÉRICA DO NORTE,,27.975500106811523,-82.533203125
SIRI,MARAÚ,BA,NORDESTE,BRASIL,AMÉRICA DO SUL,,-13.906044,-38.939978
GCTS,TENERIFE,,,ESPANHA,EUROPA,,28.044500351,-16.5725002289
LROP,BUCHAREST,,,ROMÊNIA,EUROPA,,44.5711111,26.085
SASA,"SALTA, SALTA PROVINCE",,,ARGENTINA,AMÉRICA DO SUL,,-24.856000900299996,-65.4861984253
HTKJ,MOUNT KILIMANJARO,,,TANZÂNIA,ÁFRICA,,-3.42940998077,37.0745010376
NTAA,TAHITI,,,POLINÉSIA FRANCESA,OCEANIA,,-17.553699,-149.606995
SCIP,EASTER ISLAND (ISLA DE PASCUA),,,CHILE,AMÉRICA DO SUL,,-27.1648006439,-109.42199707
VDSR,SIEM REAP,,,CAMBOJA,ÁSIA,,13.410699844400002,103.81300354
VIDP,NEW DELHI,,,ÍNDIA,ÁSIA,,28.5665,77.103104
SASO,"ORÁN, SALTA PROVINCE",,,ARGENTINA,AMÉRICA DO SUL,,-23.1527996063,-64.3292007446
LOWW,WIEN/SCHWECHAT,,,ÁUSTRIA,EUROPA,,48.110298156738,16.569700241089
KCLT,"CHARLOTTE, NORTH CAROLINA",,,ESTADOS UNIDOS DA AMÉRICA,AMÉRICA DO NORTE,,35.2140007019043,-80.94309997558594
SBCO,CANOAS,RS,SUL,BRASIL,AMÉRICA DO SUL,,-29.945928,-51.144413
SNJD,FEIRA DE SANTANA,BA,NORDESTE,BRASIL,AMÉRICA DO SUL,,-12.2003,-38.906799
GCXO,TENERIFE,,,ESPANHA,EUROPA,,28.4827003479,-16.3414993286
KCWF,"LAKE CHARLES, LOUISIANA",,,ESTADOS UNIDOS DA AMÉRICA,AMÉRICA DO NORTE,,30.2105998993,-93.14320373540001
KSFO,"SAN MATEO COUNTY, CALIFORNIA",,,ESTADOS UNIDOS DA AMÉRICA,AMÉRICA DO NORTE,,37.61899948120117,-122.375
KHOU,"HOUSTON, TEXAS",,,ESTADOS UNIDOS DA AMÉRICA,AMÉRICA DO NORTE,,29.64539909,-95.27890015
MUCU,"SANTIAGO DE CUBA, SANTIAGO DE CUBA",,,CUBA,AMÉRICA CENTRAL,,19.96980094909668,-75.83540344238281
EGPK,"GLASGOW, SCOTLAND",,,REINO UNIDO,EUROPA,,55.5093994140625,-4.586669921875
EGYP,FALKLAND ISLANDS,,,REINO UNIDO,EUROPA,,-51.82279968261719,-58.447200775146484
KSUU,"FAIRFIELD, CALIFORNIA",,,ESTADOS UNIDOS DA AMÉRICA,AMÉRICA DO NORTE,,38.262699127197,-121.92700195312
KLIT,"LITTLE ROCK, ARKANSAS",,,ESTADOS UNIDOS DA AMÉRICA,AMÉRICA DO NORTE,,34.729400634799994,-92.2242965698
EKBI,BILLUND,,,ILHAS FEROÉ,EUROPA,,55.7402992249,9.15178012848
FVHA,HARARE,,,ZIMBÁBUE,ÁFRICA,,-17.931801,31.0928
HSMR,MEROWE,,,SUDÃO,ÁFRICA,,18.455,31.8185
DABT,BATNA,,,ARGÉLIA,ÁFRICA,,35.752101898199996,6.308589935300001
EDDS,STUTTGART,,,ALEMANHA,EUROPA,,48.689899444599995,9.22196006775
EGSH,"NORWICH, ENGLAND",,,REINO UNIDO,EUROPA,,52.6758003235,1.28278005123
MDLR,LA ROMANA,,,REPÚBLICA DOMINICANA,AMÉRICA CENTRAL,,18.450700759887695,-68.91179656982422
TTCP,"SCARBOROUGH, TOBAGO",,,TRINIDAD E TOBAGO,AMÉRICA CENTRAL,,11.149700164794922,-60.83219909667969
SEMT,MANTA,,,EQUADOR,AMÉRICA DO SUL,,-0.9460780024528503,-80.67880249023438
SCIE,CONCEPCIÓN,,,CHILE,AMÉRICA DO SUL,,-36.772701,-73.063103
SCTC,TEMUCO,,,CHILE,AMÉRICA DO SUL,,-38.766799926758,-72.637100219727
MSSS,SAN SALVADOR,,,EL SALVADOR,AMÉRICA CENTRAL,,13.69950008392334,-89.11990356445312
LTAI,ANTALYA,,,TURQUIA,EUROPA,,36.898701,30.800501
LTFJ,ISTANBUL,,,TURQUIA,EUROPA,,40.898601532,29.3092002869
KHSV,"HUNTSVILLE, ALABAMA",,,ESTADOS UNIDOS DA AMÉRICA,AMÉRICA DO NORTE,,34.637199401855,-86.775100708008
SVMC,"MARACAIBO, ZULIA",,,VENEZUELA,AMÉRICA DO SUL,,10.5582084656,-71.7278594971
EINN,"SHANNON, COUNTY CLARE",,,IRLANDA,EUROPA,,52.702,-8.92482
FACT,CAPE TOWN,,,ÁFRICA DO SUL,ÁFRICA,,-33.9648017883,18.6016998291
OERK,RIAD/KING KHALED INTL,,,ARÁBIA SAUDITA,ÁSIA,,24.957599639892578,46.69879913330078
GMFK,"ERRACHIDIA, MEKNÈS-TAFILALET",,,MARROCOS,ÁFRICA,,31.9475002289,-4.39833021164
LHBP,BUDAPEST,,,HUNGRIA,EUROPA,,47.42976,19.261093
LZIB,BRATISLAVA,,,ESLOVÁQUIA,EUROPA,,48.17020034790039,17.21269989013672
SBLN,LINS,SP,SUDESTE,BRASIL,AMÉRICA DO SUL,,-21.663999557495,-49.730499267578
SSFB,FRANCISCO BELTRÃO,PR,SUL,BRASIL,AMÉRICA DO SUL,,-26.059200286865234,-53.063499450683594
CYQB,"QUEBEC CITY, QUEBEC",,,CANADÁ,AMÉRICA DO NORTE,,46.7911,-71.393303
WSSS,CHANGI,,,SINGAPURA,ÁSIA,,1.35019,103.994003
SNMH,PIRENÓPOLIS,GO,CENTRO-OESTE,BRASIL,AMÉRICA DO SUL,,-4.476961,-43.889902
SWNS,ANÁPOLIS,GO,CENTRO-OESTE,BRASIL,AMÉRICA DO SUL,,-16.3623008728,-48.9271011353
SWGP,PALMEIRAS DE GOIÁS,GO,CENTRO-OESTE,BRASIL,AMÉRICA DO SUL,,-16.826900482177734,-49.87889862060547
SBCI,CAROLINA,MA,NORDESTE,BRASIL,AMÉRICA DO SUL,,-7.32043981552124,-47.45869827270508
DNAA,"ABUJA,  FCT",,,NIGÉRIA,ÁFRICA,,9.006790161132812,7.263169765472412
ETNL,ROSTOCK,,,ALEMANHA,EUROPA,,53.9182014465,12.278300285299999
KMDT,"MIDDLETOWN, PENNSYLVANIA",,,ESTADOS UNIDOS DA AMÉRICA,AMÉRICA DO NORTE,,40.1935005188,-76.7633972168
LFML,MARSEILLE,,,FRANÇA,EUROPA,,43.439271922,5.22142410278
USCC,CHELYABINSK,,,RÚSSIA,EUROPA,,55.305801,61.5033
ZBTJ,TIANJIN,,,CHINA,ÁSIA,,39.124401092499994,117.346000671
CYVR,"VANCOUVER, BRITISH COLUMBIA",,,CANADÁ,AMÉRICA DO NORTE,,49.193901062,-123.183998108
KAFW,"FORT WORTH, TEXAS",,,ESTADOS UNIDOS DA AMÉRICA,AMÉRICA DO NORTE,,32.9875984192,-97.31880187990001
KAUS,"AUSTIN, TEXAS",,,ESTADOS UNIDOS DA AMÉRICA,AMÉRICA DO NORTE,,30.194499969482422,-97.6698989868164
KDAL,"DALLAS, TEXAS, ESTADOS UNIDOS DA AMÉRICA", , ,ESTADOS UNIDOS DA AMÉRICA,AMÉRICA DO NORTE,,32.847099,-96.851799
KPHL,"PHILADELPHIA, PENNSYLVANIA",,,ESTADOS UNIDOS DA AMÉRICA,AMÉRICA DO NORTE,,39.87189865112305,-75.24109649658203
LLBG,LOD/TEL AVIV,,,ISRAEL,ÁSIA,,32.01139831542969,34.88669967651367
KBNA,"NASHVILLE, TENNESSEE",,,ESTADOS UNIDOS DA AMÉRICA,AMÉRICA DO NORTE,,36.1245002746582,-86.6781997680664
MUSC,SANTA CLARA,,,CUBA,AMÉRICA CENTRAL,,22.49220085144043,-79.943603515625
KRFD,CHICAGO,,,ESTADOS UNIDOS DA AMÉRICA,AMÉRICA DO NORTE,,42.19540023803711,-89.09719848632812
GLCP,GREENVILLE,,,LIBÉRIA,ÁFRICA,,4.3790202140808105,-7.6969499588012695
SJLM,PACARAIMA,RR,NORTE,BRASIL,AMÉRICA DO SUL,,4.151669979095459,-61.427799224853516
SBBG,BAGÉ,RS,SUL,BRASIL,AMÉRICA DO SUL,,-31.39049911499,-54.112201690674
SPLP,"BARRANCO, LIMA PROVINCE",,,PERU,AMÉRICA DO SUL,,-12.16069984436,-76.998901367188
KRME,"ROME, NEW YORK",,,ESTADOS UNIDOS DA AMÉRICA,AMÉRICA DO NORTE,,43.23379898,-75.40699768
EGTE,"EXETER, ENGLAND",,,REINO UNIDO,EUROPA,,50.73440170288086,-3.4138898849487305
LFLC,CLERMONT-FERRAND,,,FRANÇA,EUROPA,,45.7867012024,3.1691699028
SBYS,PIRASSUNUNGA,SP,SUDESTE,BRASIL,AMÉRICA DO SUL,,-21.984600067138672,-47.334800720214844
SNBA,BARRETOS,SP,SUDESTE,BRASIL,AMÉRICA DO SUL,,-20.571409999999958,-48.57886999999994
SNSW,SOURE,PA,NORTE,BRASIL,AMÉRICA DO SUL,,-0.6994310021400452,-48.520999908447266
SWDE,SÃO MIGUEL DO ARAGUAIA,GO,CENTRO-OESTE,BRASIL,AMÉRICA DO SUL,,-12.822572,-50.328188
SWHG,SANTA HELENA DE GOIÁS,GO,CENTRO-OESTE,BRASIL,AMÉRICA DO SUL,,-17.883888244628906,-50.567222595214844
SWIQ,MINAÇU,GO,CENTRO-OESTE,BRASIL,AMÉRICA DO SUL,,-16.253079999999954,-47.94988999999998
KIND,"INDIANAPOLIS, INDIANA",,,ESTADOS UNIDOS DA AMÉRICA,AMÉRICA DO NORTE,,39.7173,-86.294403
LFRT,SAINT-BRIEUC,,,FRANÇA,EUROPA,,48.5378,-2.85444
EDDR,SAARBRÜCKEN,,,ALEMANHA,EUROPA,,49.214599609400004,7.10950994492
SBMH,MARINGÁ,PR,SUL,BRASIL,AMÉRICA DO SUL,,-23.431076500820804,-51.907866075205526
SBAF,RIO DE JANEIRO,RJ,SUDESTE,BRASIL,AMÉRICA DO SUL,,-22.875099,-43.384701
SNGR,CUMARU DO NORTE,PA,NORTE,BRASIL,AMÉRICA DO SUL,,-7.783610820770264,-51.133888244628906
SNAT,ARACATI,CE,NORDESTE,BRASIL,AMÉRICA DO SUL,,-4.567140102386475,-37.79999923706055
SNCB,IPIXUNA DO PARÁ,PA,NORTE,BRASIL,AMÉRICA DO SUL,,-2.523611068725586,-53.939720153808594
SWDM,DIAMANTINO,MT,CENTRO-OESTE,BRASIL,AMÉRICA DO SUL,,-14.376899719238281,-56.40039825439453
SNRB,ITAITUBA,PA,NORTE,BRASIL,AMÉRICA DO SUL,,-4.315209865570068,-56.10749816894531
SNPG,PORTO GRANDE,AP,NORTE,BRASIL,AMÉRICA DO SUL,,0.866388976574,-51.4006004333
SWXM,MATUPÁ,MT,CENTRO-OESTE,BRASIL,AMÉRICA DO SUL,,-10.170277595500002,-54.9527778625
SDBK,BOTUCATU,SP,SUDESTE,BRASIL,AMÉRICA DO SUL,,-22.939501,-48.467999
SSCR,MARECHAL CÂNDIDO RONDON,PR,SUL,BRASIL,AMÉRICA DO SUL,,-24.512699127197266,-54.0546989440918
SWUI,PAUINI,AM,NORTE,BRASIL,AMÉRICA DO SUL,,-7.722499847412109,-67.02833557128906
SWPF,PRESIDENTE FIGUEIREDO,AM,NORTE,BRASIL,AMÉRICA DO SUL,,-2.0448599999999715,-60.02606999999995
RKPK,BUSAN,,,COREIA DO SUL,ÁSIA,,35.1795005798,128.93800354
GMMX,MARRAKECH/MENARA,,,MARROCOS,ÁFRICA,,31.606899261499997,-8.03629970551
KLCH,"LAKE CHARLES, LOUISIANA",,,ESTADOS UNIDOS DA AMÉRICA,AMÉRICA DO NORTE,,30.126100540161133,-93.22329711914062
SNDR,TIMON,MA,NORDESTE,BRASIL,AMÉRICA DO SUL,,-5.079790115356445,-42.87369918823242
SSLS,RUY BARBOSA,BA,NORDESTE,BRASIL,AMÉRICA DO SUL,,-25.514999389648438,-52.557498931884766
LFPO,ORLY (NEAR PARIS),,,FRANÇA,EUROPA,,48.7233333,2.3794444
SBPM,PALMAS,TO,NORTE,BRASIL,AMÉRICA DO SUL,,-7.231754849972068,-48.233032493854154
SSPG,PARANAGUÁ,PR,SUL,BRASIL,AMÉRICA DO SUL,,-25.54010009765625,-48.53120040893555
SNUI,ARAÇUAÍ,MG,SUDESTE,BRASIL,AMÉRICA DO SUL,,-16.85260009765625,-42.045101165771484
SBAM,AMAPÁ,AP,NORTE,BRASIL,AMÉRICA DO SUL,,2.07751,-50.8582
SBLS,LAGOA SANTA,MG,SUDESTE,BRASIL,AMÉRICA DO SUL,,-19.66160011291504,-43.896400451660156
MMTJ,TIJUANA,,,MÉXICO,AMÉRICA DO NORTE,,32.541099548339844,-116.97000122070312
EDDL,DÜSSELDORF,,,ALEMANHA,EUROPA,,51.289501,6.76678
LIMJ,GENOA (GENOVA),,,ITÁLIA,EUROPA,,44.4133,8.8375
EBCI,CHARLEROI,,,BÉLGICA,EUROPA,,50.459202,4.45382
OJAQ,AQABA,,,JORDÂNIA,ÁSIA,,29.611600875854492,35.01810073852539
UHPP,PETROPAVLOVSK-KAMCHATSKY,,,RÚSSIA,EUROPA,,53.16790008544922,158.45399475097656
LTAE,ANKARA,,,TURQUIA,EUROPA,,40.078899383499994,32.5656013489
KAMA,"AMARILLO, TEXAS",,,ESTADOS UNIDOS DA AMÉRICA,AMÉRICA DO NORTE,,35.219398,-101.706001
SBPO,PATO BRANCO,PR,SUL,BRASIL,AMÉRICA DO SUL,,-26.26893999999993,-52.70661999999999
KMLB,"MELBOURNE, FLORIDA",,,ESTADOS UNIDOS DA AMÉRICA,AMÉRICA DO NORTE,,28.102800369262695,-80.64530181884766
LEVC,VALENCIA,,,ESPANHA,EUROPA,,39.4893,-0.481625
EGCN,"SOUTH YORKSHIRE, ENGLAND",,,REINO UNIDO,EUROPA,,53.4805378105,-1.01065635681
KLCK,"COLUMBUS, OHIO",,,ESTADOS UNIDOS DA AMÉRICA,AMÉRICA DO NORTE,,39.813801,-82.927803
SADP,EL PALOMAR,,,ARGENTINA,AMÉRICA DO SUL,,-34.6099,-58.6126
KVQQ,"JACKSONVILLE, FLORIDA",,,ESTADOS UNIDOS DA AMÉRICA,AMÉRICA DO NORTE,,30.2187004089,-81.876701355
SPQU,"AREQUIPA, AREQUIPA REGION",,,PERU,AMÉRICA DO SUL,,-16.3411006927,-71.5830993652
LPLA,TERCEIRA ISLAND/PRAIA DA VITORIA/ANGRA DO HEROÍSMO AREA,,,PORTUGAL,EUROPA,,38.761799,-27.090799
SCCI,PUNTA ARENAS,,,CHILE,AMÉRICA DO SUL,,-53.002602,-70.854599
CYMX,"MONTREAL, QUEBEC",,,CANADÁ,AMÉRICA DO NORTE,,45.679501,-74.038696
SAAV,"SANTA FE, SANTA FE PROVINCE",,,ARGENTINA,AMÉRICA DO SUL,,-31.7117,-60.8117
SNJN,JANUÁRIA,MG,SUDESTE,BRASIL,AMÉRICA DO SUL,,-15.473799705505371,-44.385501861572266
SNMK,JAÍBA,MG,SUDESTE,BRASIL,AMÉRICA DO SUL,,-15.093000411987305,-43.97909927368164
SNAR,ALMENARA,MG,SUDESTE,BRASIL,AMÉRICA DO SUL,,-16.18389,-40.66722
SNCT,UBAPORANGA,MG,SUDESTE,BRASIL,AMÉRICA DO SUL,,-19.725299835205078,-42.112098693847656
SNJM,MANHUAÇU,MG,SUDESTE,BRASIL,AMÉRICA DO SUL,,-20.259721755981445,-42.18388748168945
SNOS,PASSOS,MG,SUDESTE,BRASIL,AMÉRICA DO SUL,,-20.732200622558594,-46.661800384521484
SNPJ,PATROCÍNIO,MG,SUDESTE,BRASIL,AMÉRICA DO SUL,,-18.909400939941406,-46.98270034790039
SNUH,PIUMHI,MG,SUDESTE,BRASIL,AMÉRICA DO SUL,,-20.438600540200003,-45.992801666300004
SNVC,VIÇOSA,RN,NORDESTE,BRASIL,AMÉRICA DO SUL,,-20.744722366333008,-42.84194564819336
SNZA,POUSO ALEGRE,MG,SUDESTE,BRASIL,AMÉRICA DO SUL,,-22.289199829101562,-45.91910171508789
SNGX,GUAXUPÉ,MG,SUDESTE,BRASIL,AMÉRICA DO SUL,,-21.326400756835938,-46.731201171875
SIMK,FRANCA,SP,SUDESTE,BRASIL,AMÉRICA DO SUL,,-20.592199,-47.3829
SSCP,CORNÉLIO PROCÓPIO,PR,SUL,BRASIL,AMÉRICA DO SUL,,-23.15250015258789,-50.602500915527344
SSCT,CIANORTE,PR,SUL,BRASIL,AMÉRICA DO SUL,,-23.691499710083008,-52.64189910888672
SSGY,GUAÍRA,SP,SUDESTE,BRASIL,AMÉRICA DO SUL,,-24.081100463867188,-54.19169998168945
SSKM,CAMPO MOURÃO,PR,SUL,BRASIL,AMÉRICA DO SUL,,-24.009199142499998,-52.3568000793
SSOG,ARAPONGAS,PR,SUL,BRASIL,AMÉRICA DO SUL,,-23.3529,-51.491699
SSPI,PARANAVAÍ,PR,SUL,BRASIL,AMÉRICA DO SUL,,-23.08989906311035,-52.48849868774414
SSUV,UNIÃO DA VITÓRIA,PR,SUL,BRASIL,AMÉRICA DO SUL,,-26.2334,-51.067797
SSVL,TELÊMACO BORBA,PR,SUL,BRASIL,AMÉRICA DO SUL,,-22.521667,-54.677776
SSSB,SÃO BORJA,RS,SUL,BRASIL,AMÉRICA DO SUL,,-28.6549,-56.034599
LPPD,"PONTA DELGADA, SÃO MIGUEL ISLAND",,,PORTUGAL,EUROPA,,37.7411994934,-25.6979007721
MREC,EL CARMEN DE SIQUIRRES,,,COSTA RICA,AMÉRICA CENTRAL,,10.20199966430664,-83.47219848632812
LIMF,TURIN (TORINO),,,ITÁLIA,EUROPA,,45.200802,7.64963
LFBD,BORDEAUX,,,FRANÇA,EUROPA,,44.828300476100004,-0.715556025505
EGGW,"LONDON, ENGLAND",,,REINO UNIDO,EUROPA,,51.874698638916016,-0.36833301186561584
SBTV,PORTO SEGURO,BA,NORDESTE,BRASIL,AMÉRICA DO SUL,,-16.54083251953125,-39.1077766418457
SKCG,CARTAGENA,,,COLÔMBIA,AMÉRICA DO SUL,,10.4424,-75.513
KBHM,"BIRMINGHAM, ALABAMA",,,ESTADOS UNIDOS DA AMÉRICA,AMÉRICA DO NORTE,,33.56290054,-86.75350189
SAZM,"MAR DEL PLATA, BUENOS AIRES PROVINCE",,,ARGENTINA,AMÉRICA DO SUL,,-37.9342,-57.5733
EGMH,"RAMSGATE, ENGLAND",,,REINO UNIDO,EUROPA,,51.342201,1.34611
KILN,"WILMINGTON, OHIO",,,ESTADOS UNIDOS DA AMÉRICA,AMÉRICA DO NORTE,,39.427898407,-83.792098999
SCTE,PUERTO MONTT,,,CHILE,AMÉRICA DO SUL,,-41.438899993896484,-73.09400177001953
SPQT,"IQUITOS, LORETO REGION",,,PERU,AMÉRICA DO SUL,,-3.7847399711608887,-73.30879974365234
TXKF,FERRY REACH,,,BERMUDAS,AMÉRICA DO NORTE,,32.36399841308594,-64.67870330810547
SSOE,SÃO MIGUEL DO OESTE,SC,SUL,BRASIL,AMÉRICA DO SUL,,-26.781600952148438,-53.503501892089844
SNEB,PARAGOMINAS,PA,NORTE,BRASIL,AMÉRICA DO SUL,,-3.025278091430664,-47.31694412231445
DBBB,COTONOU,,,BENIM,ÁFRICA,,6.357230186462402,2.384350061416626
FLLS,LUSAKA,,,ZÂMBIA,ÁFRICA,,-15.3308,28.4526
SSTL,TRÊS LAGOAS,MS,CENTRO-OESTE,BRASIL,AMÉRICA DO SUL,,-20.754199981689,-51.684200286865
HLMS,MISURATA,,,LÍBIA,ÁFRICA,,32.37344000000007,15.090940000000046
ESSA,STOCKHOLM,,,SUÉCIA,EUROPA,,59.651901245117,17.918600082397
YLIS,"LISMORE, NEW SOUTH WALES",,,AUSTRÁLIA,OCEANIA,,-28.8302993774,153.259994507
SJGU,ARAGUATINS,TO,NORTE,BRASIL,AMÉRICA DO SUL,,-5.6844401359558105,-48.1156005859375
SWCB,CAMPOS BELOS,GO,CENTRO-OESTE,BRASIL,AMÉRICA DO SUL,,-13.006213,-46.711208
SDOV,MOZARLÂNDIA,GO,CENTRO-OESTE,BRASIL,AMÉRICA DO SUL,,-14.770400047302246,-50.5640983581543
SWVC,VILA RICA,MT,CENTRO-OESTE,BRASIL,AMÉRICA DO SUL,,-9.979443550109863,-51.1422233581543
SJVO,ARAGARÇAS,GO,CENTRO-OESTE,BRASIL,AMÉRICA DO SUL,,-15.8994,-52.2411
SNPP,CAIRUI,BA,NORDESTE,BRASIL,AMÉRICA DO SUL,,-13.428781,-38.913689
SWWA,PORANGATU,GO,CENTRO-OESTE,BRASIL,AMÉRICA DO SUL,,-13.404800415039062,-49.15829849243164
FPST,SÃO TOMÉ,,,SÃO TOMÉ E PRÍNCIPE,ÁFRICA,,0.3781749904155731,6.7121500968933105
VOBL,BENGALURU,,,ÍNDIA,ÁSIA,,13.1979,77.706299
LFPB,PARIS,,,FRANÇA,EUROPA,,48.969398498535156,2.441390037536621
MMTP,"TAPACHULA, CHIAPAS",,,MÉXICO,AMÉRICA DO NORTE,,14.7943000793,-92.3700027466
SDRS,RESENDE,RJ,SUDESTE,BRASIL,AMÉRICA DO SUL,,-22.4785003662,-44.4803009033
LIPO,MONTICHIARI,,,ITÁLIA,EUROPA,,45.428902,10.3306
MYGF,FREEPORT,,,BAHAMAS,AMÉRICA CENTRAL,,26.5587005615,-78.695602417
UIUU,ULAN-UDE,,,RÚSSIA,EUROPA,,51.80780029296875,107.43800354003906
UMMS,MINSK,,,BIELORRÚSSIA,EUROPA,,53.882499694824,28.030700683594
UNNT,NOVOSIBIRSK,,,RÚSSIA,EUROPA,,55.012599945068,82.650703430176
KONT,"ONTARIO, CALIFORNIA",,,ESTADOS UNIDOS DA AMÉRICA,AMÉRICA DO NORTE,,34.055999755859375,-117.60099792480469
LFQQ,LILLE,,,FRANÇA,EUROPA,,50.563332,3.086886
SAMA,GENERAL ALVEAR,,,ARGENTINA,AMÉRICA DO SUL,,-35.058898925799994,-67.6928024292
SAMM,"MALARGÜE, MENDOZA PROVINCE",,,ARGENTINA,AMÉRICA DO SUL,,-35.493598938,-69.5743026733
SAVT,TRELEW,,,ARGENTINA,AMÉRICA DO SUL,,-43.2105,-65.2703
EGHH,"BOURNEMOUTH, ENGLAND",,,REINO UNIDO,EUROPA,,50.779998779296875,-1.8424999713897705
EHRD,ROTTERDAM,,,HOLANDA,EUROPA,,51.956902,4.43722
SSCL,CASSILÂNDIA,MS,CENTRO-OESTE,BRASIL,AMÉRICA DO SUL,,-19.146861,-51.676941
MUHG,"HOLGUÍN, HOLGUÍN",,,CUBA,AMÉRICA CENTRAL,,20.785600662231445,-76.31510162353516
FKYS,YAOUNDÉ,,,CAMARÕES,ÁFRICA,,3.722559928894043,11.553299903869629
MZBZ,BELIZE,,,BELIZE,AMÉRICA CENTRAL,,17.539100646972656,-88.30819702148438
GVPR,PRAIA,,,CABO VERDE,ÁFRICA,,14.915500000000065,-23.509409999999946
FCBB,BRAZZAVILLE,,,CONGO,ÁFRICA,,-4.251699924468994,15.253000259399414
FALE,DURBAN,,,ÁFRICA DO SUL,ÁFRICA,,-29.6144444444,31.1197222222
KSFB,"SANFORD, FLORIDA",,,ESTADOS UNIDOS DA AMÉRICA,AMÉRICA DO NORTE,,28.777599334716797,-81.23750305175781
SSRS,BARREIRINHAS,MA,NORDESTE,BRASIL,AMÉRICA DO SUL,,-27.191944122314453,-49.831390380859375
SWZM,SÃO SIMÃO,GO,CENTRO-OESTE,BRASIL,AMÉRICA DO SUL,,-18.986499786376953,-50.5635986328125
SNBX,BARRA,BA,NORDESTE,BRASIL,AMÉRICA DO SUL,,-11.08080005645752,-43.147499084472656
SWWU,URUAÇU,GO,CENTRO-OESTE,BRASIL,AMÉRICA DO SUL,,-14.525555610656738,-49.137779235839844
SNMJ,MARACÁS,BA,NORDESTE,BRASIL,AMÉRICA DO SUL,,-13.433300018299999,-40.4333000183
SWXV,NOVA XAVANTINA,MT,CENTRO-OESTE,BRASIL,AMÉRICA DO SUL,,-14.6983003616333,-52.34640121459961
SNBM,MURIAÉ,MG,SUDESTE,BRASIL,AMÉRICA DO SUL,,-21.126100540161133,-42.39440155029297
SWYK,POCONÉ,MT,CENTRO-OESTE,BRASIL,AMÉRICA DO SUL,,-17.062599182128906,-56.58369827270508
SIQE,BRASÍLIA,DF,CENTRO-OESTE,BRASIL,AMÉRICA DO SUL,,-15.937469,-47.726636
SNQW,JACAREACANGA,PA,NORTE,BRASIL,AMÉRICA DO SUL,,-7.564736,-57.739871
SSNC,APORÉ,GO,CENTRO-OESTE,BRASIL,AMÉRICA DO SUL,,-16.253079999999954,-47.94988999999998
SSND,SÃO FÉLIX DO ARAGUAIA,MT,CENTRO-OESTE,BRASIL,AMÉRICA DO SUL,,-11.16,-52.82
SWEK,CANARANA,MT,CENTRO-OESTE,BRASIL,AMÉRICA DO SUL,,-13.574443817138672,-52.27055740356445
SWNH,ARUANÃ,GO,CENTRO-OESTE,BRASIL,AMÉRICA DO SUL,,-14.932499885559082,-51.048099517822266
SWUA,SÃO MIGUEL DO ARAGUAIA,GO,CENTRO-OESTE,BRASIL,AMÉRICA DO SUL,,-13.331299781799316,-50.197601318359375
SJQP,COCALINHO,MT,CENTRO-OESTE,BRASIL,AMÉRICA DO SUL,,-14.395329999999944,-51.006489999999985
SSAC,SORRISO,MT,CENTRO-OESTE,BRASIL,AMÉRICA DO SUL,,-19.7080554962,-55.4211120605
SBIT,ITUMBIARA,GO,CENTRO-OESTE,BRASIL,AMÉRICA DO SUL,,-18.4447002411,-49.2134017944
DRRN,NIAMEY,,,NÍGER,ÁFRICA,,13.4815,2.18361
OMSJ,SHARJAH,,,EMIRADOS ÁRABES UNIDOS,ÁSIA,,25.32859992980957,55.5172004699707
SBGS,PONTA GROSSA,PR,SUL,BRASIL,AMÉRICA DO SUL,,-25.085599999999943,-50.178699999999935
EGVN,"BRIZE NORTON, ENGLAND",,,REINO UNIDO,EUROPA,,51.75,-1.58362
KMCI,"KANSAS CITY, MISSOURI",,,ESTADOS UNIDOS DA AMÉRICA,AMÉRICA DO NORTE,,39.2976,-94.713898
LEST,LA CORUÑA,,,ESPANHA,EUROPA,,42.89630126953125,-8.415140151977539
FZQA,LUBUMBASHI,,,REPÚBLICA DEMOCRÁTICA DO CONGO,ÁFRICA,,-11.5913000107,27.5308990479
LKPR,PRAGUE,,,REPÚBLICA TCHECA,EUROPA,,50.1008,14.26
URMM,MINERALNYE VODY,,,RÚSSIA,EUROPA,,44.225101470947266,43.08190155029297
URRR,ROSTOV-ON-DON,,,RÚSSIA,EUROPA,,47.258203,39.8181
VAAH,AHMEDABAD,,,ÍNDIA,ÁSIA,,23.0771999359,72.63469696039999
SNUU,UAUÁ,BA,NORDESTE,BRASIL,AMÉRICA DO SUL,,-9.835000038146973,-39.49444580078125
SNIU,IPIAÚ,BA,NORDESTE,BRASIL,AMÉRICA DO SUL,,-14.133889198303223,-39.733890533447266
OPLA,LAHORE,,,PAQUISTÃO,ÁSIA,,31.5216007232666,74.40360260009766
LPAZ,SANTA MARIA ISLAND / VILA DO PORTO,,,PORTUGAL,EUROPA,,36.97140121459961,-25.17060089111328
RJTT,"OTA, TOKYO",,,JAPÃO,ÁSIA,,35.552299,139.779999
LFTW,NÎMES,,,FRANÇA,EUROPA,,43.75740051269531,4.4163498878479
EGBB,"BIRMINGHAM, ENGLAND",,,REINO UNIDO,EUROPA,,52.453899383499994,-1.74802994728
SVVG,EL VIGIA,,,VENEZUELA,AMÉRICA DO SUL,,8.624139,-71.672668
DNPO,"PORT HARCOURT,  RIVERS STATE",,,NIGÉRIA,ÁFRICA,,5.0154900550842285,6.94959020614624
LBSF,SOFIA,,,BULGÁRIA,EUROPA,,42.696693420410156,23.411436080932617
SWEE,ATALAIA DO NORTE,AM,NORTE,BRASIL,AMÉRICA DO SUL,,-4.52377986908,-71.560798645
LSGG,GENEVA,,,SUÍÇA,EUROPA,,46.23809814453125,6.108950138092041
MMSD,"LOS CABOS, BAJA CALIFORNIA SUR",,,MÉXICO,AMÉRICA DO NORTE,,23.15180015563965,-109.72100067138672
KEWK,"NEWTON, KANSAS",,,ESTADOS UNIDOS DA AMÉRICA,AMÉRICA DO NORTE,,38.058200836199994,-97.2744979858
UTTT,TASHKENT,,,UZBEQUISTÃO,ÁSIA,,41.257900238,69.2811965942
CYQX,"GANDER, NEWFOUNDLAND AND LABRADOR",,,CANADÁ,AMÉRICA DO NORTE,,48.9369010925293,-54.56809997558594
ULLI,SAINT PETERSBURG,,,RÚSSIA,EUROPA,,59.80030059814453,30.262500762939453
LFLX,"CHÂTEAUROUX, DÉOLS",,,FRANÇA,EUROPA,,46.860278,1.721111
ZSNJ,"NANJING, JIANGSU",,,CHINA,ÁSIA,,31.742000579833984,118.86199951171875
KMSP,"BLOOMINGTON, MINNESOTA",,,ESTADOS UNIDOS DA AMÉRICA,AMÉRICA DO NORTE,,44.882,-93.221802
CYYY,MONT-JOLI,,,CANADÁ,AMÉRICA DO NORTE,,48.60860061645508,-68.20809936523438
LFGP,ST-FLORENTIN-CHEU,,,FRANÇA,EUROPA,,47.98019,3.775583
SNYB,ITUIUTABA,MG,SUDESTE,BRASIL,AMÉRICA DO SUL,,-18.999799728393555,-49.486698150634766
SBPI,PETRÓPOLIS,RJ,SUDESTE,BRASIL,AMÉRICA DO SUL,,-22.507829999999956,-43.170699999999954
WSSL,SELETAR,,,SINGAPURA,ÁSIA,,1.416949987411499,103.86799621582031
SWFN,MANAUS,AM,NORTE,BRASIL,AMÉRICA DO SUL,,-3.0727779865264893,-60.02111053466797
GLRB,MONROVIA,,,LIBÉRIA,ÁFRICA,,6.23379,-10.3623
SSBN,PORTO ALEGRE,RS,SUL,BRASIL,AMÉRICA DO SUL,,-30.18777847290039,-51.182777404785156
KTUL,"TULSA, OKLAHOMA",,,ESTADOS UNIDOS DA AMÉRICA,AMÉRICA DO NORTE,,36.19839859008789,-95.88809967041016
SNGQ,RONDON DO PARÁ,PA,NORTE,BRASIL,AMÉRICA DO SUL,,-4.250833034515381,-48.7680549621582
SNXL,QUERÊNCIA,MT,CENTRO-OESTE,BRASIL,AMÉRICA DO SUL,,-12.616667,-52.153889
KBDL,"WINDSOR LOCKS, CONNECTICUT (NEAR HARTFORD)",,,ESTADOS UNIDOS DA AMÉRICA,AMÉRICA DO NORTE,,41.9388999939,-72.68319702149999
SIFV,ARACRUZ,ES,SUDESTE,BRASIL,AMÉRICA DO SUL,,-19.825829,-40.102168
SNNT,NOVA PONTE,MG,SUDESTE,BRASIL,AMÉRICA DO SUL,,-19.198400497436523,-47.72869873046875
UUUU,MOSCOU,,,RÚSSIA,EUROPA,,55.60474000000005,37.71234000000004
MPHO,HOWARD AFB,,,PANAMÁ,AMÉRICA CENTRAL,,8.91479,-79.599602
SPTN,"TACNA, TACNA REGION",,,PERU,AMÉRICA DO SUL,,-18.053300857500002,-70.2758026123
KFXE,"FORT LAUDERDALE, FLORIDA",,,ESTADOS UNIDOS DA AMÉRICA,AMÉRICA DO NORTE,,26.1972999573,-80.1707000732
SDTF,TATUÍ,SP,SUDESTE,BRASIL,AMÉRICA DO SUL,,-23.331899642944336,-47.878299713134766
ENGM,"GARDERMOEN (NEAR OSLO), AKERSHUS",,,NORUEGA,EUROPA,,60.193901062012,11.100399971008
EDDH,HAMBURG,,,ALEMANHA,EUROPA,,53.630401611328,9.9882297515869
SWOW,BARCELOS,AM,NORTE,BRASIL,AMÉRICA DO SUL,,-1.4669439792633057,-61.61722183227539
SWWD,BARCELOS,AM,NORTE,BRASIL,AMÉRICA DO SUL,,-1.691388889,-63.785
SJUR,PORTO SEGURO,BA,NORDESTE,BRASIL,AMÉRICA DO SUL,,-16.451139999999953,-39.06476999999995
SNUO,ULIANÓPOLIS,PA,NORTE,BRASIL,AMÉRICA DO SUL,,-3.7469299999999635,-47.49634999999995
SNBV,IPIXUNA DO PARÁ,PA,NORTE,BRASIL,AMÉRICA DO SUL,,-2.5233099460601807,-47.517398834228516
SWJW,JATAÍ,GO,CENTRO-OESTE,BRASIL,AMÉRICA DO SUL,,-17.8299007416,-51.7729988098
SJDB,BONITO,MS,CENTRO-OESTE,BRASIL,AMÉRICA DO SUL,,-20.767124949846014,-51.73178989520845
FAWB,PRETORIA,,,ÁFRICA DO SUL,ÁFRICA,,-25.6539,28.224199
LRSB,SBUSBU,,,ROMÊNIA,EUROPA,,45.78559875488281,24.091299057006836
EGCC,"MANCHESTER, ENGLAND",,,REINO UNIDO,EUROPA,,53.35369873046875,-2.2749500274658203
LSZM,BASILEIA,,,SUÍÇA,EUROPA,,47.562850000000026,7.596650000000068
KNZC,CECIL FIELD NAS,,,ESTADOS UNIDOS DA AMÉRICA,AMÉRICA DO NORTE,,40.67921000000007,-85.70191999999997
FIMP,PLAINE MAGNIEN,,,MAURÍCIA,ÁFRICA,,-20.430201,57.683601
KLCQ,"LAKE CITY, FLORIDA",,,ESTADOS UNIDOS DA AMÉRICA,AMÉRICA DO NORTE,,30.1819992065,-82.57689666750001
SNPY,SÃO SEBASTIÃO DO PARAÍSO,MG,SUDESTE,BRASIL,AMÉRICA DO SUL,,-20.948200225830078,-46.98320007324219
SPCL,"PUCALLPA, UCAYALI REGION",,,PERU,AMÉRICA DO SUL,,-8.37794017791748,-74.57430267333984
LCLK,LARNACA,,,CHIPRE,EUROPA,,34.875099182128906,33.624900817871094
FAUP,UPINGTON,,,ÁFRICA DO SUL,ÁFRICA,,-28.39909935,21.260200500499998
SWAE,ALTO ALEGRE,RR,NORTE,BRASIL,AMÉRICA DO SUL,,3.551929,-63.169445
SWBU,PEIXOTO DE AZEVEDO,MT,CENTRO-OESTE,BRASIL,AMÉRICA DO SUL,,-10.215556144714355,-55.08305740356445
SJCW,URUCARÁ,AM,NORTE,BRASIL,AMÉRICA DO SUL,,-1.712049961090088,-58.511199951171875
SWPC,SÃO GABRIEL DA CACHOEIRA,AM,NORTE,BRASIL,AMÉRICA DO SUL,,0.2630560100078583,-69.7955551147461
SSSC,SANTA CRUZ DO SUL,RS,SUL,BRASIL,AMÉRICA DO SUL,,-29.684099197387695,-52.412200927734375
LFCF,FIGEAC,,,FRANÇA,EUROPA,,44.673301696777344,1.7891700267791748
SNAP,JANAÚBA,MG,SUDESTE,BRASIL,AMÉRICA DO SUL,,-15.732,-43.323102
LTAC,ANKARA,,,TURQUIA,EUROPA,,40.128101348899996,32.995098114
LIPX,VERONA,,,ITÁLIA,EUROPA,,45.395699,10.8885
LIBR,BRINDISI,,,ITÁLIA,EUROPA,,40.6576,17.947001
SWFE,LUCAS DO RIO VERDE,MT,CENTRO-OESTE,BRASIL,AMÉRICA DO SUL,,-13.314443588256836,-56.11277770996094
SWCI,ARIPUANÃ,MT,CENTRO-OESTE,BRASIL,AMÉRICA DO SUL,,-14.223138,-46.550021
SNPV,BARCARENA,PA,NORTE,BRASIL,AMÉRICA DO SUL,,-30.692516,-50.557139
SWJV,ATALAIA DO NORTE,AM,NORTE,BRASIL,AMÉRICA DO SUL,,-5.127240180969238,-72.80999755859375
SIGP,GAVIÃO PEIXOTO,SP,SUDESTE,BRASIL,AMÉRICA DO SUL,,-22.909286,-43.181956
SNAX,ASSIS,SP,SUDESTE,BRASIL,AMÉRICA DO SUL,,-22.64,-50.453056
UKBB,BORYSPIL (NEAR KIEV),,,UCRÂNIA,EUROPA,,50.345001220703125,30.894699096679688
EPKK,KRAKÓW,,,POLÔNIA,EUROPA,,50.077702,19.7848
LESA,SALAMANCA,,,ESPANHA,EUROPA,,40.95209884643555,-5.501989841461182
LIRA,ROME,,,ITÁLIA,EUROPA,,41.7994,12.5949
FAWK,TSHWANE,,,ÁFRICA DO SUL,ÁFRICA,,-25.829999923699997,28.222499847399998
SIBU,CATOLÉ DO ROCHA,PB,NORDESTE,BRASIL,AMÉRICA DO SUL,,-6.36253023147583,-37.75619888305664
SNUC,AÇU,RN,NORDESTE,BRASIL,AMÉRICA DO SUL,,-5.595049858093262,-36.960899353027344
SNJO,JOÃO PESSOA,PB,NORDESTE,BRASIL,AMÉRICA DO SUL,,-7.091989994049072,-34.84159851074219
SNKB,CAMPINA GRANDE,PB,NORDESTE,BRASIL,AMÉRICA DO SUL,,-7.178332805633545,-35.99027633666992
SSCC,CAÇADOR,SC,SUL,BRASIL,AMÉRICA DO SUL,,-27.53462,-48.509863
KPHX,"PHOENIX, ARIZONA",,,ESTADOS UNIDOS DA AMÉRICA,AMÉRICA DO NORTE,,33.43429946899414,-112.01200103759766
LFMN,NICE,,,FRANÇA,EUROPA,,43.6584014893,7.215869903560001
RJBB,"IZUMISANO, TAJIRI, SENNAN, OSAKA",,,JAPÃO,ÁSIA,,34.42729949951172,135.24400329589844
SCTI,SANTIAGO,,,CHILE,AMÉRICA DO SUL,,-33.493598938,-70.6977996826
WMSA,SUBANG JAYA,,,MALÁSIA,ÁSIA,,3.130579948425293,101.54900360107422
RPMM,"MALABANG, LANAO DEL SUR",,,FILIPINAS,ÁSIA,,7.617219924926758,124.05899810791016
AGGH,"HONIARA, GUADALCANAL",,,ILHAS SALOMÃO,OCEANIA,,-9.4280004501343,160.05499267578
PHNL,HONOLULU,,,ESTADOS UNIDOS DA AMÉRICA,AMÉRICA DO NORTE,,21.32062,-157.924228
FGSL,MALABO,,,GUINÉ EQUATORIAL,ÁFRICA,,3.755270004272461,8.708720207214355
SNBI,BACABAL,MA,NORDESTE,BRASIL,AMÉRICA DO SUL,,-4.227709770202637,-44.81999969482422
SNMX,SÃO MATEUS,ES,SUDESTE,BRASIL,AMÉRICA DO SUL,,-18.72130012512207,-39.83369827270508
SNBW,BAIÃO,PA,NORTE,BRASIL,AMÉRICA DO SUL,,-2.8002779483795166,-49.66722106933594
SNCC,CALÇOENE,AP,NORTE,BRASIL,AMÉRICA DO SUL,,2.514722,-50.952202
NZAA,ANCKLAND INTL,,,NOVA ZELÂNDIA,OCEANIA,,-37.008098602299995,174.792007446
SDAA,ARARAS,SP,SUDESTE,BRASIL,AMÉRICA DO SUL,,-22.338227,-47.357898
LFRD,DINARD,,,FRANÇA,EUROPA,,48.58769989013672,-2.0799601078033447
SSBB,BODOQUENA,MS,CENTRO-OESTE,BRASIL,AMÉRICA DO SUL,,-20.674999237060547,-56.62969970703125
SNAH,ADUSTINA,BA,NORDESTE,BRASIL,AMÉRICA DO SUL,,-10.5809,-38.088799
SNBU,BRUMADO,BA,NORDESTE,BRASIL,AMÉRICA DO SUL,,-14.2554,-41.817501
SNQM,QUEIMADAS,BA,NORDESTE,BRASIL,AMÉRICA DO SUL,,-10.988332748413086,-39.62055587768555
SNJB,JACOBINA,BA,NORDESTE,BRASIL,AMÉRICA DO SUL,,-11.163200378417969,-40.5531005859375
MHSP,SAN PEDRO SULA,,,HONDURAS,AMÉRICA CENTRAL,,15.562317631914432,-87.9907991476469
SPZO,"CUSCO, CUSCO REGION",,,PERU,AMÉRICA DO SUL,,-13.535699844400002,-71.9387969971
OSDI,DAMASCUS,,,SÍRIA,ÁSIA,,33.4114990234375,36.51559829711914
LIRN,NAPLES,,,ITÁLIA,EUROPA,,40.886002,14.2908
EDDB,BERLIN,,,ALEMANHA,EUROPA,,52.380001,13.5225
SAMQ,"MENDOZA, MZA",,,ARGENTINA,AMÉRICA DO SUL,,-32.8652992249,-68.87190246579999
EBOS,OSTEND,,,BÉLGICA,EUROPA,,51.198898315399994,2.8622200489
KRDU,"RALEIGH, NORTH CAROLINA",,,ESTADOS UNIDOS DA AMÉRICA,AMÉRICA DO NORTE,,35.877601623535156,-78.7874984741211
SWCD,ALEXÂNIA,GO,CENTRO-OESTE,BRASIL,AMÉRICA DO SUL,,-15.93529987335205,-48.64659881591797
SJTS,TERRA SANTA,PA,NORTE,BRASIL,AMÉRICA DO SUL,,-2.0727779865264893,-56.488887786865234
SSNH,NOVO HAMBURGO,RS,SUL,BRASIL,AMÉRICA DO SUL,,-29.69610023498535,-51.08169937133789
SUSO,"SALTO, SALTO",,,URUGUAI,AMÉRICA DO SUL,,-31.438499450683594,-57.98529815673828
SLPS,PUERTO SUÁREZ,,,BOLÍVIA,AMÉRICA DO SUL,,-18.975301,-57.820599
VABB,MUMBAI (BOMBAY),,,ÍNDIA,ÁSIA,,19.0886993408,72.8678970337
VTBD,BANGKOK,,,TAILÂNDIA,ÁSIA,,13.9125995636,100.607002258
GVFM,FRANCISCO MENDES,,,CABO VERDE,ÁFRICA,,14.924490000000048,-23.493519999999933
SDDM,RIO DE JANEIRO,RJ,SUDESTE,BRASIL,AMÉRICA DO SUL,,-22.9467,-43.1981
SDJA,ITIRAPINA,SP,SUDESTE,BRASIL,AMÉRICA DO SUL,,-22.19472,-47.86167
SNKI,CACHOEIRO DE ITAPEMIRIM,ES,SUDESTE,BRASIL,AMÉRICA DO SUL,,-20.834299087499996,-41.1856002808
SJKB,COTRIGUAÇU,MT,CENTRO-OESTE,BRASIL,AMÉRICA DO SUL,,-13.087501,-58.025833
SJNP,NOVO PROGRESSO,PA,NORTE,BRASIL,AMÉRICA DO SUL,,-7.125833,-55.400833
SSNM,GUARANTÃ DO NORTE,MT,CENTRO-OESTE,BRASIL,AMÉRICA DO SUL,,-9.965832710266113,-54.8849983215332
LTAG,ADANA,,,TURQUIA,EUROPA,,37.002101898199996,35.4258995056
SNVV,VALENTE,BA,NORDESTE,BRASIL,AMÉRICA DO SUL,,-11.411110877990723,-39.44333267211914
SDLK,CACULÉ,BA,NORDESTE,BRASIL,AMÉRICA DO SUL,,-14.481200218200684,-42.26470184326172
SWBZ,SORRISO,MT,CENTRO-OESTE,BRASIL,AMÉRICA DO SUL,,-12.60692,-55.764263
SIKC,COLÍDER,MT,CENTRO-OESTE,BRASIL,AMÉRICA DO SUL,,-10.760403,-55.462283
TAPA,"SAINT JOHN´S, ANTIGUA",,,ANTÍGUA E BARBUDA,AMÉRICA CENTRAL,,17.1367,-61.792702
SDVE,VERA CRUZ,SP,SUDESTE,BRASIL,AMÉRICA DO SUL,,-22.230199813842773,-49.81719970703125
SDPA,MANGARATIBA,RJ,SUDESTE,BRASIL,AMÉRICA DO SUL,,-22.927499771118164,-44.08000183105469
SNPX,PIRAPORA,MG,SUDESTE,BRASIL,AMÉRICA DO SUL,,-17.3169002532959,-44.86029815673828
SNUB,UBÁ,MG,SUDESTE,BRASIL,AMÉRICA DO SUL,,-21.121000289916992,-42.881900787353516
FSSS,SEYCHELLES ATCC/FIR,,,SEICHELES,ÁFRICA,,-4.583329999999933,55.66667000000007
KOKC,"OKLAHOMA CITY, OKLAHOMA",,,ESTADOS UNIDOS DA AMÉRICA,AMÉRICA DO NORTE,,35.39310073852539,-97.60070037841797
GBYD,BANJUL,,,GÂMBIA,ÁFRICA,,13.338000297546387,-16.65220069885254
SWDB,BARRA DO GARÇAS,MT,CENTRO-OESTE,BRASIL,AMÉRICA DO SUL,,-15.576944,-52.218887
SWYY,NOVA XAVANTINA,MT,CENTRO-OESTE,BRASIL,AMÉRICA DO SUL,,-14.887778282165527,-52.27694320678711
MMPR,"PUERTO VALLARTA, JALISCO",,,MÉXICO,AMÉRICA DO NORTE,,20.680099487304688,-105.25399780273438
ENBR,"FLESLAND, BERGEN, HORDALAND",,,NORUEGA,EUROPA,,60.29339981,5.218140125
UWUU,UFA,,,RÚSSIA,EUROPA,,54.557498931885,55.874401092529
LBBG,BURGAS,,,BULGÁRIA,EUROPA,,42.56959915161133,27.515199661254883
CYYT,ST. JOHN´S,,,CANADÁ,AMÉRICA DO NORTE,,47.618598938,-52.7518997192
RCKH,KAOHSIUNG CITY,,,FORMOSA (TAIWAN),ÁSIA,,22.57710075378418,120.3499984741211
SILJ,LARANJAL DO JARI,AP,NORTE,BRASIL,AMÉRICA DO SUL,,-0.831374,-52.504075
SNML,RIO LARGO,AL,NORDESTE,BRASIL,AMÉRICA DO SUL,,-9.54444408416748,-35.829444885253906
SNXW,CHAVES,PA,NORTE,BRASIL,AMÉRICA DO SUL,,-0.1661,-49.9794
SNJK,JEQUIÉ,BA,NORDESTE,BRASIL,AMÉRICA DO SUL,,-13.877699851989746,-40.07160186767578
SDBB,BEBEDOURO,SP,SUDESTE,BRASIL,AMÉRICA DO SUL,,-20.900400161743164,-48.47330093383789
ZSSS,SHANGHAI,,,CHINA,ÁSIA,,31.197900772094727,121.33599853515625
LFMP,PERPIGNAN,,,FRANÇA,EUROPA,,42.74039840698242,2.8706700801849365
DNKN,"KANO,  KANO STATE",,,NIGÉRIA,ÁFRICA,,12.0476,8.52462
KRSW,"SOUTH FORT MYERS, FLORIDA",,,ESTADOS UNIDOS DA AMÉRICA,AMÉRICA DO NORTE,,26.53619956970215,-81.75520324707031
KADS,"ADDISON, TEXAS",,,ESTADOS UNIDOS DA AMÉRICA,AMÉRICA DO NORTE,,32.9686012268,-96.8364028931
SSAB,IBAITI,PR,SUL,BRASIL,AMÉRICA DO SUL,,-23.762199,-50.263
SAOU,"SAN LUIS, SAN LUIS PROVINCE",,,ARGENTINA,AMÉRICA DO SUL,,-33.2732009888,-66.3563995361
LFBF,TOULOUSE,,,FRANÇA,EUROPA,,43.54560089111328,1.3674999475479126
KCVG,"HEBRON, KENTUCKY",,,ESTADOS UNIDOS DA AMÉRICA,AMÉRICA DO NORTE,,39.048801,-84.667801
LFRB,BREST,,,FRANÇA,EUROPA,,48.447898864746094,-4.418540000915527
MHLM,LA MESA (NEAR SAN PEDRO SULA) (MHSP),,,HONDURAS,AMÉRICA CENTRAL,,15.4526,-87.923599
ESNQ,KIRUNA,,,SUÉCIA,EUROPA,,67.821998596191,20.336799621582
SVMT,"MATURÍN, MONAGAS",,,VENEZUELA,AMÉRICA DO SUL,,9.75452995300293,-63.14739990234375
SNNU,NANUQUE,MG,SUDESTE,BRASIL,AMÉRICA DO SUL,,-17.823299407958984,-40.329898834228516
SNZR,PARACATU,MG,SUDESTE,BRASIL,AMÉRICA DO SUL,,-17.242599487304688,-46.88309860229492
SNFO,FORMIGA,MG,SUDESTE,BRASIL,AMÉRICA DO SUL,,-20.395299911499023,-45.48360061645508
SWLF,CAMPO FLORIDO,MG,SUDESTE,BRASIL,AMÉRICA DO SUL,,-15.620278358459473,-58.20888900756836
SNXB,CAXAMBU,MG,SUDESTE,BRASIL,AMÉRICA DO SUL,,-21.91699981689453,-44.96820068359375
SABG,BUENOS AIRES GENDARMERIA,,,ARGENTINA,AMÉRICA DO SUL,,-35.483338913691604,-62.978049493021345
SEGS,GALÁPAGOS (BALTRA),,,EQUADOR,AMÉRICA DO SUL,,-0.45375800132751465,-90.26589965820312
OISS,SHIRAZ,,,IRÃ,ÁSIA,,29.5392,52.589802
WIHH,JAKARTA,,,INDONÉSIA,ÁSIA,,-6.266610145568848,106.89099884033203
YPPH,"REDCLIFFE, WESTERN AUSTRALIA",,,AUSTRÁLIA,OCEANIA,,-31.94029998779297,115.96700286865234
ZSQD,"QINGDAO, SHANDONG",,,CHINA,ÁSIA,,36.2661018372,120.374000549
ZSHC,"HANGZHOU, ZHEJIANG",,,CHINA,ÁSIA,,30.22949981689453,120.43399810791016
ZBHH,"HOHHOT, INNER MONGOLIA",,,CHINA,ÁSIA,,40.851398,111.823997
MMVA,"VILLAHERMOSA, TABASCO",,,MÉXICO,AMÉRICA DO NORTE,,17.996999740600586,-92.81739807128906
UAKK,KARAGANDA,,,CAZAQUISTÃO,ÁSIA,,49.670799255371094,73.33439636230469
ZGGG,"GUANGZHOU, GUANGDONG",,,CHINA,ÁSIA,,23.39240074157715,113.29900360107422
HKMO,MOMBASA,,,QUÊNIA,ÁFRICA,,-4.034830093383789,39.594200134277344
OAKB,KABUL,,,AFEGANISTÃO,ÁSIA,,34.565899,69.212303
SPJL,"PUNO/JULIACA, PUNO REGION",,,PERU,AMÉRICA DO SUL,,-15.467100143432617,-70.158203125
KLRD,"LAREDO, TEXAS",,,ESTADOS UNIDOS DA AMÉRICA,AMÉRICA DO NORTE,,27.543800354003906,-99.46160125732422
KSBD,"SAN BERNARDINO, CALIFORNIA",,,ESTADOS UNIDOS DA AMÉRICA,AMÉRICA DO NORTE,,34.0954017639,-117.23500061
SCAT,COPIAPÓ,,,CHILE,AMÉRICA DO SUL,,-27.2611999512,-70.7791976929
SDZG,TAUÁ,CE,NORDESTE,BRASIL,AMÉRICA DO SUL,,-5.9334,-40.2975
SNWS,CRATEÚS,CE,NORDESTE,BRASIL,AMÉRICA DO SUL,,-5.211349964141846,-40.704200744628906
SWBE,SÃO BENEDITO,CE,NORDESTE,BRASIL,AMÉRICA DO SUL,,-4.0428,-40.8938
SNSG,SALGUEIRO,PE,NORDESTE,BRASIL,AMÉRICA DO SUL,,-8.047160148620605,-39.13639831542969
SSSK,CODÓ,MA,NORDESTE,BRASIL,AMÉRICA DO SUL,,-12.729117238158741,-38.32290150249713
SWRF,PEDREIRAS,MA,NORDESTE,BRASIL,AMÉRICA DO SUL,,-13.183611,-57.983891
EIDW,DUBLIN,,,IRLANDA,EUROPA,,53.421299,-6.27007
OKBK,"AL-MAQWA, NEAR KUWAIT CITY",,,KUWAIT,ÁSIA,,29.226600646972656,47.96889877319336
LGAT,ATENAS,,,GRÉCIA,EUROPA,,37.893299,23.726101
SANU,"SAN JUAN, SAN JUAN PROVINCE",,,ARGENTINA,AMÉRICA DO SUL,,-31.571501,-68.418198
SWBG,PONTES E LACERDA,MT,CENTRO-OESTE,BRASIL,AMÉRICA DO SUL,,-15.1934,-59.3848
SWPY,PRIMAVERA DO LESTE,MT,CENTRO-OESTE,BRASIL,AMÉRICA DO SUL,,-15.565555572509766,-54.33777618408203
KIWA,"MESA, ARIZONA",,,ESTADOS UNIDOS DA AMÉRICA,AMÉRICA DO NORTE,,33.30780029,-111.6549988
MKJS,MONTEGO BAY,,,JAMAICA,AMÉRICA CENTRAL,,18.503700256347656,-77.91339874267578
WADD,"DENPASAR, BALI",,,INDONÉSIA,ÁSIA,,-8.7481698989868,115.16699981689
ZSAM,"XIAMEN, FUJIAN",,,CHINA,ÁSIA,,24.54400062561035,118.12799835205078
USSS,YEKATERINBURG,,,RÚSSIA,EUROPA,,56.743099212646,60.802700042725
FYWB,WALVIS BAY,,,NAMÍBIA,ÁFRICA,,-22.9799,14.6453
KIAB,"WICHITA, KANSAS",,,ESTADOS UNIDOS DA AMÉRICA,AMÉRICA DO NORTE,,37.62189865,-97.26820374
ZSJN,"JINAN, SHANDONG",,,CHINA,ÁSIA,,36.857200622558594,117.21600341796875
KAUH,"AURORA, NEBRASKA",,,ESTADOS UNIDOS DA AMÉRICA,AMÉRICA DO NORTE,,40.89410019,-97.99459839
SNCX,COLATINA,ES,SUDESTE,BRASIL,AMÉRICA DO SUL,,-19.48699951171875,-40.57939910888672
KHSA,"BAY ST. LOUIS, MISSISSIPPI",,,ESTADOS UNIDOS DA AMÉRICA,AMÉRICA DO NORTE,,30.367799758911133,-89.45459747314453
LETL,TERUEL,,,ESPANHA,EUROPA,,40.403,-1.2183
KBKV,"BROOKSVILLE, FLORIDA",,,ESTADOS UNIDOS DA AMÉRICA,AMÉRICA DO NORTE,,28.47360039,-82.45539856
CYLU,"KANGIQSUALUJJUAQ, QUEBEC",,,CANADÁ,AMÉRICA DO NORTE,,58.71139907836914,-65.9927978515625
KDEN,"DENVER, COLORADO",,,ESTADOS UNIDOS DA AMÉRICA,AMÉRICA DO NORTE,,39.861698150635,-104.672996521
KRIC,"SANDSTON, VIRGINIA",,,ESTADOS UNIDOS DA AMÉRICA,AMÉRICA DO NORTE,,37.50519943237305,-77.3197021484375
SAVC,"COMODORO RIVADAVIA, CHUBUT PROVINCE",,,ARGENTINA,AMÉRICA DO SUL,,-45.7853,-67.4655
CYHM,"HAMILTON, ONTARIO",,,CANADÁ,AMÉRICA DO NORTE,,43.173599243199995,-79.93499755859999
KBLV,"BELLEVILLE, ILLINOIS",,,ESTADOS UNIDOS DA AMÉRICA,AMÉRICA DO NORTE,,38.5452,-89.835197
SSAE,ARROIO GRANDE,RS,SUL,BRASIL,AMÉRICA DO SUL,,-32.22416687011719,-53.067222595214844
KOPF,"OPA-LOCKA, FLORIDA",,,ESTADOS UNIDOS DA AMÉRICA,AMÉRICA DO NORTE,,25.907,-80.278397
LPFU,FUNCHAL,,,PORTUGAL,EUROPA,,32.640190000000075,-16.930019999999956
SVCP,CARUPANO,,,VENEZUELA,AMÉRICA DO SUL,,10.660014152526855,-63.261680603027344
DNYO,"YOLA,  ADAMAWA STATE",,,NIGÉRIA,ÁFRICA,,9.257550239562988,12.430399894714355
KSGF,"SPRINGFIELD, MISSOURI",,,ESTADOS UNIDOS DA AMÉRICA,AMÉRICA DO NORTE,,37.24570084,-93.38860321
EGPF,"GLASGOW, SCOTLAND",,,REINO UNIDO,EUROPA,,55.871899,-4.43306
CYYC,"CALGARY, ALBERTA",,,CANADÁ,AMÉRICA DO NORTE,,51.113899231,-114.019996643
SBER,EIRUNEPÉ,AM,NORTE,BRASIL,AMÉRICA DO SUL,,-6.663039999999967,-69.86730999999997
KRIV,"RIVERSIDE, CALIFORNIA",,,ESTADOS UNIDOS DA AMÉRICA,AMÉRICA DO NORTE,,33.880699,-117.259003
LFMT,MONTPELLIER,,,FRANÇA,EUROPA,,43.57619857788086,3.96301007270813
KBWI,"BALTIMORE, MARYLAND & WASHINGTON, DC",,,ESTADOS UNIDOS DA AMÉRICA,AMÉRICA DO NORTE,,39.1754,-76.668297
KDOV,"DOVER, DELAWARE",,,ESTADOS UNIDOS DA AMÉRICA,AMÉRICA DO NORTE,,39.12950134,-75.46600342
KWRI,"WRIGHTSTOWN, NEW JERSEY",,,ESTADOS UNIDOS DA AMÉRICA,AMÉRICA DO NORTE,,40.0155983,-74.59169769
KCHS,"CHARLESTON, SOUTH CAROLINA",,,ESTADOS UNIDOS DA AMÉRICA,AMÉRICA DO NORTE,,32.89860153,-80.04049683
SWJQ,SELVÍRIA,MS,CENTRO-OESTE,BRASIL,AMÉRICA DO SUL,,-20.226943969726562,-51.84583282470703
MWCR,GEORGE TOWN,,,ILHAS CAYMAN,AMÉRICA DO NORTE,,19.292800903299998,-81.3576965332
SNDQ,SÃO DESIDÉRIO,BA,NORDESTE,BRASIL,AMÉRICA DO SUL,,-12.921111106872559,-45.56944274902344
LFRG,DEAUVILLE,,,FRANÇA,EUROPA,,49.3652992249,0.154305994511
LFPZ,SAINT-CYR-L´ÉCOLE,,,FRANÇA,EUROPA,,48.810355,2.073197
KMEI,"MERIDIAN, MISSISSIPPI",,,ESTADOS UNIDOS DA AMÉRICA,AMÉRICA DO NORTE,,32.33259963989258,-88.75189971923828
LSGL,LAUSANNE / BLÉCHERETTE,,,SUÍÇA,EUROPA,,46.5453,6.61667
GQNO,"NOUAKCHOTT, MAURITÂNIA",,,MAURITÂNIA,ÁFRICA,,18.31,-15.9697222
FWKI,LILONGWE,,,MALAUÍ,ÁFRICA,,-13.7894001007,33.78099823
FKKB,KRIBI,,,CAMARÕES,ÁFRICA,,2.8738899231,9.9777803421
LEVT,ÁLAVA,,,ESPANHA,EUROPA,,42.8828010559082,-2.7244699001312256
EVRA,RIGA,,,LETÔNIA,EUROPA,,56.92359924316406,23.971099853515625
KDHN,"DOTHAN, ALABAMA",,,ESTADOS UNIDOS DA AMÉRICA,AMÉRICA DO NORTE,,31.321300506591797,-85.44960021972656
EGDX,"ST ATHAN, WALES",,,REINO UNIDO,EUROPA,,51.4048,-3.43575
KPDX,"PORTLAND, OREGON",,,ESTADOS UNIDOS DA AMÉRICA,AMÉRICA DO NORTE,,45.58869934,-122.5979996
CYWG,"WINNIPEG, MANITOBA",,,CANADÁ,AMÉRICA DO NORTE,,49.909999847399995,-97.2398986816
EGNT,"NEWCASTLE UPON TYNE, ENGLAND",,,REINO UNIDO,EUROPA,,55.037498474121094,-1.6916699409484863
KGWO,"GREENWOOD, MISSISSIPPI",,,ESTADOS UNIDOS DA AMÉRICA,AMÉRICA DO NORTE,,33.4943008423,-90.0847015381
EGNL,"BARROW-IN-FURNESS, ENGLAND",,,REINO UNIDO,EUROPA,,54.1286111,-3.2675
EGBP,"KEMBLE, ENGLAND",,,REINO UNIDO,EUROPA,,51.668095,-2.05694
TKPK,"BASSETERRE, SAINT KITTS",,,SÃO CRISTÓVÃO E NÉVIS,AMÉRICA CENTRAL,,17.311199188232422,-62.71870040893555
SAWH,"USHUAIA, TIERRA DEL FUEGO PROVINCE",,,ARGENTINA,AMÉRICA DO SUL,,-54.8433,-68.2958
HKRE,NAIROBI,,,QUÊNIA,ÁFRICA,,-1.2772699594499999,36.8623008728
LIPZ,VENICE (VENEZIA),,,ITÁLIA,EUROPA,,45.505299,12.3519
KARG,"WALNUT RIDGE, ARKANSAS",,,ESTADOS UNIDOS DA AMÉRICA,AMÉRICA DO NORTE,,36.124667,-90.925111
SCIQ,IQUIQUE CIUDAD,,,CHILE,AMÉRICA DO SUL,,-14.604849999999942,-57.65624999999994
HUEN,ENTEBBE (NEAR KAMPALA),,,UGANDA,ÁFRICA,,0.042386,32.443501
VGZR,DHAKA,,,BANGLADESH,ÁSIA,,23.843347,90.397783
MRSJ,SAN JOSE,,,COSTA RICA,AMÉRICA CENTRAL,,9.948210000000074,-84.05620999999996
CYXX,"ABBOTSFORD, BRITISH COLUMBIA",,,CANADÁ,AMÉRICA DO NORTE,,49.025299072265625,-122.36100006103516
KGYY,"GARY, INDIANA",,,ESTADOS UNIDOS DA AMÉRICA,AMÉRICA DO NORTE,,41.61629867553711,-87.41280364990234
SAIG,IGUAZU,,,ARGENTINA,AMÉRICA DO SUL,,17.332837676239706,-98.01781292277651
SLSU,SUCRE,,,BOLÍVIA,AMÉRICA DO SUL,,-19.007099,-65.288696
FALA,LANSERIA,,,ÁFRICA DO SUL,ÁFRICA,,-25.938499450699997,27.9260997772
KCOE,"COEUR D´ALENE, IDAHO",,,ESTADOS UNIDOS DA AMÉRICA,AMÉRICA DO NORTE,,47.77429962,-116.8199997
UHHH,KHABAROVISK,,,RÚSSIA,EUROPA,,48.52799987793,135.18800354004
SKPE,PEREIRA,,,COLÔMBIA,AMÉRICA DO SUL,,4.81267,-75.7395
WSAP,SINGAPORE,,,SINGAPURA,ÁSIA,,1.3604199886322021,103.91000366210938
FASU,SACE,,,ÁFRICA DO SUL,ÁFRICA,,-25.956899642944336,29.211700439453125
KNKX,"SAN DIEGO, CALIFORNIA",,,ESTADOS UNIDOS DA AMÉRICA,AMÉRICA DO NORTE,,32.86840057,-117.1429977
SNLO,SÃO LOURENÇO,MG,SUDESTE,BRASIL,AMÉRICA DO SUL,,-22.090900421142578,-45.044498443603516
FZAA,KINSHASA,,,REPÚBLICA DEMOCRÁTICA DO CONGO,ÁFRICA,,-4.38575,15.4446
KHDO,"HONDO, TEXAS",,,ESTADOS UNIDOS DA AMÉRICA,AMÉRICA DO NORTE,,29.35950088501,-99.176696777344
